date,day_of_week,day_name,is_weekend,is_monday,is_friday,month,season,is_us_holiday,holiday_name,is_summer_break,is_winter_break,is_spring_break,is_major_event_window,temp_max_c,temp_min_c,apparent_temp_max_c,apparent_temp_min_c,precipitation_mm,rain_mm,snowfall_cm,wind_max_kmh,weathercode,weather_label,is_rainy_day,is_snowy_day,is_extreme_heat,is_extreme_cold
2023-12-01,4,Friday,0,0,1,12,winter,0,,0,0,0,0,8.2,0.2,5.9,-3.4,5.8,5.8,0,14.6,61,light_rain,1,0,0,0
2023-12-02,5,Saturday,1,0,0,12,winter,0,,0,0,0,0,15.9,4.8,14.8,2.1,0,0.0,0,15.7,3,overcast,0,0,0,0
2023-12-03,6,Sunday,1,0,0,12,winter,0,,0,0,0,0,10.4,6.6,8.3,4.6,16.3,16.3,0,19.8,63,rain,1,0,0,0
2023-12-04,0,Monday,0,1,0,12,winter,0,,0,0,0,0,10.9,4.6,6.6,0.1,0,0.0,0,21.3,3,overcast,0,0,0,0
2023-12-05,1,Tuesday,0,0,0,12,winter,0,,0,0,0,0,6.5,1.2,2.8,-3.3,0,0.0,0,14.6,3,overcast,0,0,0,0
2023-12-06,2,Wednesday,0,0,0,12,winter,0,,0,0,0,0,4.8,-1.9,0.1,-5.8,0,0.0,0,22.7,3,overcast,0,0,0,0
2023-12-07,3,Thursday,0,0,0,12,winter,0,,0,0,0,0,3.4,-3.2,-0.4,-7.8,0,0.0,0,16.9,3,overcast,0,0,0,0
2023-12-08,4,Friday,0,0,1,12,winter,0,,0,0,0,0,8.6,-1.5,5.2,-4.9,0,0.0,0,11.4,3,overcast,0,0,0,0
2023-12-09,5,Saturday,1,0,0,12,winter,0,,0,0,0,0,13.4,2.0,11.6,-1.2,0,0.0,0,16.2,3,overcast,0,0,0,0
2023-12-10,6,Sunday,1,0,0,12,winter,0,,0,0,0,0,16.6,6.2,15.5,3.4,26.8,26.8,0,33.1,63,rain,1,0,0,0
2023-12-11,0,Monday,0,1,0,12,winter,0,,0,0,0,0,14.4,2.4,14.3,-2.4,29.3,29.3,0,35.1,65,heavy_rain,1,0,0,0
2023-12-12,1,Tuesday,0,0,0,12,winter,0,,0,0,0,0,5.9,-2.2,1.0,-6.6,0,0.0,0,17.9,0,clear,0,0,0,0
2023-12-13,2,Wednesday,0,0,0,12,winter,0,,0,0,0,0,7.3,-0.1,2.2,-4.6,0,0.0,0,17.8,1,mainly_clear,0,0,0,0
2023-12-14,3,Thursday,0,0,0,12,winter,0,,0,0,0,0,4.4,-3.3,-0.2,-7.5,0,0.0,0,13.7,3,overcast,0,0,0,0
2023-12-15,4,Friday,0,0,1,12,winter,0,,0,0,0,0,11.9,-0.8,8.4,-5.4,0,0.0,0,16.7,3,overcast,0,0,0,0
2023-12-16,5,Saturday,1,0,0,12,winter,0,,0,0,0,0,11.4,1.9,8.1,-1.9,0,0.0,0,12.1,3,overcast,0,0,0,0
2023-12-17,6,Sunday,1,0,0,12,winter,0,,0,0,0,0,13.6,5.6,11.1,2.6,21.7,21.7,0,24.0,63,rain,1,0,0,0
2023-12-18,0,Monday,0,1,0,12,winter,0,,0,0,0,0,15.8,5.8,14.6,0.9,73.7,73.7,0,53.8,65,heavy_rain,1,0,0,0
2023-12-19,1,Tuesday,0,0,0,12,winter,0,,0,0,0,0,6.1,-0.9,0.3,-6.3,0,0.0,0,24.4,3,overcast,0,0,0,0
2023-12-20,2,Wednesday,0,0,0,12,winter,0,,0,0,0,0,7.2,-3.8,3.6,-8.0,0,0.0,0,15.8,1,mainly_clear,0,0,0,0
2023-12-21,3,Thursday,0,0,0,12,winter,0,,0,0,0,0,4.0,-2.9,-2.0,-8.3,0,0.0,0,22.1,1,mainly_clear,0,0,0,0
2023-12-22,4,Friday,0,0,1,12,winter,0,,0,0,0,0,2.5,-5.5,-0.8,-10.1,0,0.0,0,11.9,3,overcast,0,0,0,1
2023-12-23,5,Saturday,1,0,0,12,winter,0,,0,0,0,0,5.8,-3.0,2.7,-6.9,0.5,0.5,0,9.7,51,light_drizzle,0,0,0,0
2023-12-24,6,Sunday,1,0,0,12,winter,0,,0,1,0,0,8.6,1.0,6.8,-1.9,0,0.0,0,7.2,3,overcast,0,0,0,0
2023-12-25,0,Monday,0,1,0,12,winter,1,Christmas Day,0,1,0,1,11.7,1.4,10.2,-1.5,0,0.0,0,9.7,3,overcast,0,0,0,0
2023-12-26,1,Tuesday,0,0,0,12,winter,0,,0,1,0,0,7.8,3.3,6.0,0.8,0,0.0,0,7.6,3,overcast,0,0,0,0
2023-12-27,2,Wednesday,0,0,0,12,winter,0,,0,1,0,0,9.4,5.7,7.4,3.3,3.9,3.9,0,15.5,53,drizzle,1,0,0,0
2023-12-28,3,Thursday,0,0,0,12,winter,0,,0,1,0,0,11.4,8.8,9.6,5.5,30.6,30.6,0,25.0,65,heavy_rain,1,0,0,0
2023-12-29,4,Friday,0,0,1,12,winter,0,,0,1,0,0,13.2,7.4,9.9,4.2,0.5,0.5,0,18.4,51,light_drizzle,0,0,0,0
2023-12-30,5,Saturday,1,0,0,12,winter,0,,0,1,0,0,7.8,1.2,4.8,-3.2,0.2,0.2,0,26.6,51,light_drizzle,0,0,0,0
2023-12-31,6,Sunday,1,0,0,12,winter,0,,0,1,0,0,6.3,-1.9,1.8,-5.6,0,0.0,0,16.7,3,overcast,0,0,0,0
2024-01-01,0,Monday,0,1,0,1,winter,1,New Year's Day,0,0,0,1,7.3,0.4,4.2,-4.1,0.1,0.0,0.07,14.9,71,light_snow,0,0,0,0
2024-01-02,1,Tuesday,0,0,0,1,winter,0,,0,0,0,0,5.5,-4.4,1.3,-8.5,0,0.0,0,13.0,0,clear,0,0,0,0
2024-01-03,2,Wednesday,0,0,0,1,winter,0,,0,0,0,0,7.6,-2.1,3.3,-6.3,0,0.0,0,15.5,3,overcast,0,0,0,0
2024-01-04,3,Thursday,0,0,0,1,winter,0,,0,0,0,0,6.7,-2.2,1.0,-8.8,0,0.0,0,26.6,3,overcast,0,0,0,0
2024-01-05,4,Friday,0,0,1,1,winter,0,,0,0,0,0,2.8,-5.3,-1.8,-10.4,0,0.0,0,22.1,3,overcast,0,0,0,1
2024-01-06,5,Saturday,1,0,0,1,winter,0,,0,0,0,0,3.0,-4.9,-1.4,-8.6,9.8,5.3,3.15,29.8,75,heavy_snow,1,1,0,0
2024-01-07,6,Sunday,1,0,0,1,winter,0,,0,0,0,0,3.1,-0.6,-1.8,-4.9,7.5,6.3,0.84,29.5,73,snow,1,0,0,0
2024-01-08,0,Monday,0,1,0,1,winter,0,,0,0,0,0,6.3,-2.2,1.7,-5.9,0,0.0,0,17.3,1,mainly_clear,0,0,0,0
2024-01-09,1,Tuesday,0,0,0,1,winter,0,,0,0,0,0,12.9,-4.2,5.3,-7.8,29.6,29.6,0,60.6,63,rain,1,0,0,0
2024-01-10,2,Wednesday,0,0,0,1,winter,0,,0,0,0,0,13.6,4.9,9.9,-0.2,37.8,37.8,0,49.2,65,heavy_rain,1,0,0,0
2024-01-11,3,Thursday,0,0,0,1,winter,0,,0,0,0,0,7.9,0.0,3.3,-4.4,0,0.0,0,23.3,3,overcast,0,0,0,0
2024-01-12,4,Friday,0,0,1,1,winter,0,,0,0,0,0,8.1,-1.6,4.9,-5.2,0.5,0.5,0,21.1,51,light_drizzle,0,0,0,0
2024-01-13,5,Saturday,1,0,0,1,winter,0,,0,0,0,0,14.5,1.6,12.4,-5.0,26.1,26.1,0,35.8,65,heavy_rain,1,0,0,0
2024-01-14,6,Sunday,1,0,0,1,winter,0,,0,0,0,0,6.0,-3.8,-0.8,-9.6,0.8,0.1,0.49,37.9,73,snow,0,0,0,0
2024-01-15,0,Monday,0,1,0,1,winter,1,Martin Luther King Jr. Day,0,0,0,1,-1.1,-5.8,-5.9,-10.7,0.8,0.0,0.56,11.9,73,snow,0,0,0,1
2024-01-16,1,Tuesday,0,0,0,1,winter,0,,0,0,0,0,0.0,-5.3,-4.3,-12.4,10.4,4.5,4.13,25.0,73,snow,1,1,0,1
2024-01-17,2,Wednesday,0,0,0,1,winter,0,,0,0,0,0,-4.3,-8.9,-11.3,-14.7,0,0.0,0,23.9,0,clear,0,0,0,1
2024-01-18,3,Thursday,0,0,0,1,winter,0,,0,0,0,0,0.2,-7.1,-4.4,-12.4,0.3,0.0,0.21,18.2,71,light_snow,0,0,0,1
2024-01-19,4,Friday,0,0,1,1,winter,0,,0,0,0,0,-1.0,-4.4,-5.8,-8.7,2.4,0.0,1.68,17.1,73,snow,1,1,0,0
2024-01-20,5,Saturday,1,0,0,1,winter,0,,0,0,0,0,-3.5,-8.4,-9.4,-14.2,0,0.0,0,25.7,3,overcast,0,0,0,1
2024-01-21,6,Sunday,1,0,0,1,winter,0,,0,0,0,0,-1.4,-7.7,-8.1,-13.9,0,0.0,0,23.6,3,overcast,0,0,0,1
2024-01-22,0,Monday,0,1,0,1,winter,0,,0,0,0,0,3.0,-7.8,-2.6,-12.4,0,0.0,0,16.8,3,overcast,0,0,0,1
2024-01-23,1,Tuesday,0,0,0,1,winter,0,,0,0,0,0,4.3,-1.6,1.1,-7.3,1.7,1.7,0,17.8,53,drizzle,1,0,0,0
2024-01-24,2,Wednesday,0,0,0,1,winter,0,,0,0,0,0,6.3,0.2,3.8,-2.8,3.1,3.1,0,10.2,51,light_drizzle,1,0,0,0
2024-01-25,3,Thursday,0,0,0,1,winter,0,,0,0,0,0,12.1,6.2,11.0,4.0,8.1,8.1,0,22.4,61,light_rain,1,0,0,0
2024-01-26,4,Friday,0,0,1,1,winter,0,,0,0,0,0,8.6,2.9,6.3,0.5,4.4,4.4,0,19.4,53,drizzle,1,0,0,0
2024-01-27,5,Saturday,1,0,0,1,winter,0,,0,0,0,0,8.6,2.2,5.9,-0.2,0,0.0,0,13.8,3,overcast,0,0,0,0
2024-01-28,6,Sunday,1,0,0,1,winter,0,,0,0,0,0,4.6,2.7,1.6,-2.9,21.7,21.7,0,30.0,63,rain,1,0,0,0
2024-01-29,0,Monday,0,1,0,1,winter,0,,0,0,0,0,5.8,0.1,-0.6,-4.2,0.7,0.7,0,28.7,51,light_drizzle,0,0,0,0
2024-01-30,1,Tuesday,0,0,0,1,winter,0,,0,0,0,0,4.2,-3.8,0.4,-8.1,0,0.0,0,13.1,3,overcast,0,0,0,0
2024-01-31,2,Wednesday,0,0,0,1,winter,0,,0,0,0,0,4.2,-0.7,0.8,-4.4,0.4,0.3,0.07,11.2,71,light_snow,0,0,0,0
2024-02-01,3,Thursday,0,0,0,2,winter,0,,0,0,0,0,8.8,-2.8,5.1,-6.5,0,0.0,0,22.1,3,overcast,0,0,0,0
2024-02-02,4,Friday,0,0,1,2,winter,0,,0,0,0,0,5.6,1.4,1.8,-3.9,6.8,6.8,0,23.0,55,dense_drizzle,1,0,0,0
2024-02-03,5,Saturday,1,0,0,2,winter,0,,0,0,0,0,5.4,-3.4,-0.4,-8.5,0,0.0,0,24.5,2,partly_cloudy,0,0,0,0
2024-02-04,6,Sunday,1,0,0,2,winter,0,,0,0,0,0,7.3,-3.7,3.4,-8.7,0,0.0,0,14.4,0,clear,0,0,0,0
2024-02-05,0,Monday,0,1,0,2,winter,0,,0,0,0,0,6.7,-3.5,1.6,-8.5,0,0.0,0,23.2,0,clear,0,0,0,0
2024-02-06,1,Tuesday,0,0,0,2,winter,0,,0,0,0,0,5.5,-4.8,1.3,-10.2,0,0.0,0,17.0,0,clear,0,0,0,0
2024-02-07,2,Wednesday,0,0,0,2,winter,0,,0,0,0,0,7.9,-3.7,4.1,-8.3,0,0.0,0,11.9,2,partly_cloudy,0,0,0,0
2024-02-08,3,Thursday,0,0,0,2,winter,0,,0,0,0,0,9.4,-3.3,6.2,-7.3,0,0.0,0,12.4,3,overcast,0,0,0,0
2024-02-09,4,Friday,0,0,1,2,winter,0,,0,0,0,0,10.2,1.6,6.6,-1.7,0,0.0,0,19.8,3,overcast,0,0,0,0
2024-02-10,5,Saturday,1,0,0,2,winter,0,,0,0,0,0,15.5,1.9,12.9,-1.3,0.2,0.2,0,17.7,51,light_drizzle,0,0,0,0
2024-02-11,6,Sunday,1,0,0,2,winter,0,,0,0,0,0,8.9,3.7,5.6,0.0,0,0.0,0,14.8,3,overcast,0,0,0,0
2024-02-12,0,Monday,0,1,0,2,winter,1,Lincoln's Birthday,0,0,0,1,8.7,-1.6,6.0,-5.3,0,0.0,0,11.0,3,overcast,0,0,0,0
2024-02-13,1,Tuesday,0,0,0,2,winter,0,,0,0,0,0,3.1,-2.7,-0.6,-7.5,25.8,0.6,17.64,25.1,75,heavy_snow,1,1,0,0
2024-02-14,2,Wednesday,0,0,0,2,winter,0,,0,0,0,0,1.0,-4.2,-5.6,-10.4,0,0.0,0,28.7,1,mainly_clear,0,0,0,0
2024-02-15,3,Thursday,0,0,0,2,winter,1,Susan B. Anthony Day,0,0,0,1,2.4,-5.9,-2.0,-10.6,0,0.0,0,22.4,3,overcast,0,0,0,1
2024-02-16,4,Friday,0,0,1,2,winter,0,,0,0,0,0,4.8,-1.9,-1.2,-8.2,0,0.0,0,30.4,3,overcast,0,0,0,0
2024-02-17,5,Saturday,1,0,0,2,winter,0,,0,0,0,0,2.0,-4.5,-3.3,-9.6,5.7,0.0,3.99,25.6,73,snow,1,1,0,0
2024-02-18,6,Sunday,1,0,0,2,winter,0,,0,0,0,0,4.7,-6.3,-1.2,-11.6,0,0.0,0,29.6,0,clear,0,0,0,1
2024-02-19,0,Monday,0,1,0,2,winter,1,Washington's Birthday,0,0,0,1,3.9,-4.7,-1.3,-9.3,0,0.0,0,20.2,0,clear,0,0,0,0
2024-02-20,1,Tuesday,0,0,0,2,winter,0,,0,0,0,0,2.1,-6.6,-1.1,-11.6,0,0.0,0,12.8,1,mainly_clear,0,0,0,1
2024-02-21,2,Wednesday,0,0,0,2,winter,0,,0,0,0,0,4.6,-5.6,0.0,-9.9,0,0.0,0,15.1,3,overcast,0,0,0,1
2024-02-22,3,Thursday,0,0,0,2,winter,0,,0,0,0,0,5.7,-5.2,1.0,-8.5,0.3,0.3,0,21.9,51,light_drizzle,0,0,0,1
2024-02-23,4,Friday,0,0,1,2,winter,0,,0,0,0,0,8.3,2.7,5.5,0.3,3.3,3.3,0,13.9,53,drizzle,1,0,0,0
2024-02-24,5,Saturday,1,0,0,2,winter,0,,0,0,0,0,6.0,-3.2,0.3,-8.4,0,0.0,0,20.6,3,overcast,0,0,0,0
2024-02-25,6,Sunday,1,0,0,2,winter,0,,0,0,0,0,2.6,-6.8,-1.8,-11.4,0,0.0,0,16.8,3,overcast,0,0,0,1
2024-02-26,0,Monday,0,1,0,2,winter,0,,0,0,0,0,9.9,-1.8,6.5,-6.5,0.9,0.4,0.35,14.8,73,snow,0,0,0,0
2024-02-27,1,Tuesday,0,0,0,2,winter,0,,0,0,0,0,12.4,0.8,9.5,-2.5,4.8,4.8,0,29.5,63,rain,1,0,0,0
2024-02-28,2,Wednesday,0,0,0,2,winter,0,,0,0,0,0,16.2,10.3,13.9,4.5,10.6,10.6,0,39.6,63,rain,1,0,0,0
2024-02-29,3,Thursday,0,0,0,2,winter,0,,0,0,0,0,6.7,-2.8,-0.3,-8.9,0.2,0.2,0,36.0,51,light_drizzle,0,0,0,0
2024-03-01,4,Friday,0,0,1,3,spring,0,,0,0,0,0,5.0,-4.2,0.9,-8.2,0,0.0,0,20.7,3,overcast,0,0,0,0
2024-03-02,5,Saturday,1,0,0,3,spring,0,,0,0,0,0,10.4,2.3,9.0,-1.2,27.0,27.0,0,29.0,63,rain,1,0,0,0
2024-03-03,6,Sunday,1,0,0,3,spring,0,,0,0,0,0,18.7,6.2,16.9,3.5,0,0.0,0,15.5,3,overcast,0,0,0,0
2024-03-04,0,Monday,0,1,0,3,spring,0,,0,0,0,0,13.7,4.0,11.4,1.3,0,0.0,0,21.7,3,overcast,0,0,0,0
2024-03-05,1,Tuesday,0,0,0,3,spring,0,,0,0,0,0,8.8,4.4,7.3,1.2,18.6,18.6,0,20.6,63,rain,1,0,0,0
2024-03-06,2,Wednesday,0,0,0,3,spring,0,,0,0,0,0,9.9,3.5,8.2,0.9,33.8,33.8,0,23.5,65,heavy_rain,1,0,0,0
2024-03-07,3,Thursday,0,0,0,3,spring,0,,0,0,0,0,12.4,5.7,8.3,0.6,3.7,3.7,0,25.3,55,dense_drizzle,1,0,0,0
2024-03-08,4,Friday,0,0,1,3,spring,0,,0,0,0,0,12.1,0.8,9.3,-3.5,0,0.0,0,21.3,3,overcast,0,0,0,0
2024-03-09,5,Saturday,1,0,0,3,spring,0,,0,0,0,0,8.1,3.7,3.8,-0.2,24.2,24.2,0,36.2,63,rain,1,0,0,0
2024-03-10,6,Sunday,1,0,0,3,spring,0,,0,0,0,0,10.8,2.0,8.7,-4.5,19.2,19.2,0,30.5,65,heavy_rain,1,0,0,0
2024-03-11,0,Monday,0,1,0,3,spring,0,,0,0,0,0,9.9,0.7,2.0,-6.1,0,0.0,0,44.2,3,overcast,0,0,0,0
2024-03-12,1,Tuesday,0,0,0,3,spring,0,,0,0,0,0,17.2,2.2,12.8,-2.9,0,0.0,0,24.6,3,overcast,0,0,0,0
2024-03-13,2,Wednesday,0,0,0,3,spring,0,,0,0,0,0,14.5,2.8,11.9,-0.2,0,0.0,0,17.8,3,overcast,0,0,0,0
2024-03-14,3,Thursday,0,0,0,3,spring,0,,0,0,0,0,21.0,3.7,20.4,0.9,0,0.0,0,12.8,3,overcast,0,0,0,0
2024-03-15,4,Friday,0,0,1,3,spring,0,,0,0,1,0,21.5,8.6,19.4,6.1,0.7,0.7,0,24.1,53,drizzle,0,0,0,0
2024-03-16,5,Saturday,1,0,0,3,spring,0,,0,0,1,0,13.8,4.8,9.8,2.0,0.3,0.3,0,27.0,51,light_drizzle,0,0,0,0
2024-03-17,6,Sunday,1,0,0,3,spring,0,,0,0,1,0,15.6,7.2,10.3,3.3,0.4,0.4,0,30.6,51,light_drizzle,0,0,0,0
2024-03-18,0,Monday,0,1,0,3,spring,0,,0,0,1,0,9.1,2.2,3.8,-2.9,0,0.0,0,20.5,3,overcast,0,0,0,0
2024-03-19,1,Tuesday,0,0,0,3,spring,0,,0,0,1,0,7.6,-0.2,1.2,-5.0,0.4,0.3,0.07,27.7,71,light_snow,0,0,0,0
2024-03-20,2,Wednesday,0,0,0,3,spring,0,,0,0,1,0,12.4,1.2,9.0,-5.4,2.5,2.5,0,30.5,61,light_rain,1,0,0,0
2024-03-21,3,Thursday,0,0,0,3,spring,0,,0,0,1,0,5.4,-3.5,-1.4,-9.5,0,0.0,0,31.4,3,overcast,0,0,0,0
2024-03-22,4,Friday,0,0,1,3,spring,0,,0,0,1,0,4.9,-4.6,1.6,-8.9,0,0.0,0,18.9,3,overcast,0,0,0,0
2024-03-23,5,Saturday,1,0,0,3,spring,0,,0,0,1,0,10.6,1.6,8.9,-5.4,63.2,63.2,0,40.3,65,heavy_rain,1,0,0,0
2024-03-24,6,Sunday,1,0,0,3,spring,0,,0,0,1,0,8.2,-2.4,3.0,-8.3,0,0.0,0,31.3,1,mainly_clear,0,0,0,0
2024-03-25,0,Monday,0,1,0,3,spring,0,,0,0,1,0,9.6,-1.3,5.2,-6.5,0,0.0,0,23.0,0,clear,0,0,0,0
2024-03-26,1,Tuesday,0,0,0,3,spring,0,,0,0,1,0,9.8,0.1,6.9,-4.8,0,0.0,0,21.4,3,overcast,0,0,0,0
2024-03-27,2,Wednesday,0,0,0,3,spring,0,,0,0,1,0,11.2,4.7,9.3,2.0,0.4,0.4,0,11.8,51,light_drizzle,0,0,0,0
2024-03-28,3,Thursday,0,0,0,3,spring,0,,0,0,1,0,10.3,6.8,8.2,3.0,24.6,24.6,0,20.2,63,rain,1,0,0,0
2024-03-29,4,Friday,0,0,1,3,spring,0,,0,0,1,0,12.8,3.7,6.6,-2.3,0.6,0.6,0,34.5,51,light_drizzle,0,0,0,0
2024-03-30,5,Saturday,1,0,0,3,spring,0,,0,0,1,0,14.4,2.3,9.2,-2.9,0,0.0,0,24.9,3,overcast,0,0,0,0
2024-03-31,6,Sunday,1,0,0,3,spring,0,,0,0,1,0,16.1,4.2,12.3,0.7,0.2,0.2,0,22.1,51,light_drizzle,0,0,0,0
2024-04-01,0,Monday,0,1,0,4,spring,0,,0,0,0,0,12.4,5.0,11.3,2.0,2.9,2.9,0,13.5,53,drizzle,1,0,0,0
2024-04-02,1,Tuesday,0,0,0,4,spring,0,,0,0,0,0,8.9,6.4,7.2,2.2,18.8,18.8,0,22.8,63,rain,1,0,0,0
2024-04-03,2,Wednesday,0,0,0,4,spring,0,,0,0,0,0,7.2,4.7,2.0,-3.1,25.0,25.0,0,43.3,63,rain,1,0,0,0
2024-04-04,3,Thursday,0,0,0,4,spring,0,,0,0,0,0,8.9,2.8,4.6,-2.8,6.3,6.3,0,42.3,63,rain,1,0,0,0
2024-04-05,4,Friday,0,0,1,4,spring,0,,0,0,0,0,9.4,1.6,3.0,-2.4,0,0.0,0,29.8,3,overcast,0,0,0,0
2024-04-06,5,Saturday,1,0,0,4,spring,0,,0,0,0,0,11.2,2.8,4.9,-1.5,0.2,0.2,0,29.4,51,light_drizzle,0,0,0,0
2024-04-07,6,Sunday,1,0,0,4,spring,0,,0,0,0,0,13.6,1.5,8.0,-2.6,0,0.0,0,24.1,3,overcast,0,0,0,0
2024-04-08,0,Monday,0,1,0,4,spring,0,,0,0,0,0,17.6,1.5,15.4,-2.4,0,0.0,0,13.7,3,overcast,0,0,0,0
2024-04-09,1,Tuesday,0,0,0,4,spring,0,,0,0,0,0,23.1,5.6,23.6,2.9,0,0.0,0,15.9,3,overcast,0,0,0,0
2024-04-10,2,Wednesday,0,0,0,4,spring,0,,0,0,0,0,15.7,8.4,14.6,5.8,0.1,0.1,0,16.1,51,light_drizzle,0,0,0,0
2024-04-11,3,Thursday,0,0,0,4,spring,0,,0,0,0,0,16.6,9.5,15.1,7.7,11.5,11.5,0,30.1,63,rain,1,0,0,0
2024-04-12,4,Friday,0,0,1,4,spring,0,,0,0,0,0,18.5,12.2,16.3,7.8,16.5,16.5,0,42.4,63,rain,1,0,0,0
2024-04-13,5,Saturday,1,0,0,4,spring,0,,0,0,0,0,11.9,7.5,7.4,2.0,1.8,1.8,0,36.2,53,drizzle,1,0,0,0
2024-04-14,6,Sunday,1,0,0,4,spring,0,,0,0,0,0,18.6,5.6,16.8,1.6,1.8,1.8,0,23.8,61,light_rain,1,0,0,0
2024-04-15,0,Monday,0,1,0,4,spring,0,,0,0,0,0,24.8,10.1,23.3,8.9,0,0.0,0,23.6,3,overcast,0,0,0,0
2024-04-16,1,Tuesday,0,0,0,4,spring,0,,0,0,0,0,20.5,6.8,17.3,3.7,0,0.0,0,18.2,1,mainly_clear,0,0,0,0
2024-04-17,2,Wednesday,0,0,0,4,spring,0,,0,0,0,0,15.4,7.3,12.6,3.7,2.7,2.7,0,18.7,53,drizzle,1,0,0,0
2024-04-18,3,Thursday,0,0,0,4,spring,0,,0,0,0,0,9.1,5.9,5.9,3.4,10.9,10.9,0,25.1,63,rain,1,0,0,0
2024-04-19,4,Friday,0,0,1,4,spring,0,,0,0,0,0,13.1,4.2,10.7,1.5,0,0.0,0,20.0,3,overcast,0,0,0,0
2024-04-20,5,Saturday,1,0,0,4,spring,0,,0,0,0,0,19.6,8.2,17.2,2.9,3.6,3.6,0,25.9,61,light_rain,1,0,0,0
2024-04-21,6,Sunday,1,0,0,4,spring,0,,0,0,0,0,12.1,2.5,6.5,-1.1,0,0.0,0,23.1,3,overcast,0,0,0,0
2024-04-22,0,Monday,0,1,0,4,spring,0,,0,0,0,0,15.4,1.9,11.9,-1.9,0,0.0,0,17.1,3,overcast,0,0,0,0
2024-04-23,1,Tuesday,0,0,0,4,spring,0,,0,0,0,0,14.1,2.7,11.2,-0.3,0,0.0,0,27.7,3,overcast,0,0,0,0
2024-04-24,2,Wednesday,0,0,0,4,spring,0,,0,0,0,0,21.5,8.4,19.7,4.9,1.1,1.1,0,25.1,55,dense_drizzle,1,0,0,0
2024-04-25,3,Thursday,0,0,0,4,spring,0,,0,0,0,0,11.9,3.2,10.2,-1.5,0,0.0,0,19.6,3,overcast,0,0,0,0
2024-04-26,4,Friday,0,0,1,4,spring,0,,0,0,0,0,13.9,2.2,13.1,-0.8,0,0.0,0,18.6,2,partly_cloudy,0,0,0,0
2024-04-27,5,Saturday,1,0,0,4,spring,0,,0,0,0,0,13.9,3.5,10.0,0.8,0.4,0.4,0,27.5,51,light_drizzle,0,0,0,0
2024-04-28,6,Sunday,1,0,0,4,spring,0,,0,0,0,0,21.2,8.9,22.2,6.2,0.7,0.7,0,16.5,53,drizzle,0,0,0,0
2024-04-29,0,Monday,0,1,0,4,spring,0,,0,0,0,0,28.5,13.2,32.5,12.2,6.8,6.8,0,14.6,63,rain,1,0,0,0
2024-04-30,1,Tuesday,0,0,0,4,spring,0,,0,0,0,0,22.4,11.1,23.4,9.0,4.2,4.2,0,13.9,63,rain,1,0,0,0
2024-05-01,2,Wednesday,0,0,0,5,spring,0,,0,0,0,0,23.7,10.2,24.3,8.4,1.1,1.1,0,19.8,53,drizzle,1,0,0,0
2024-05-02,3,Thursday,0,0,0,5,spring,0,,0,0,0,0,26.0,9.9,25.7,8.3,0,0.0,0,22.9,3,overcast,0,0,0,0
2024-05-03,4,Friday,0,0,1,5,spring,0,,0,0,0,0,17.0,10.2,15.9,8.2,0,0.0,0,19.4,3,overcast,0,0,0,0
2024-05-04,5,Saturday,1,0,0,5,spring,0,,0,0,0,0,16.9,8.0,14.7,6.5,0,0.0,0,21.7,3,overcast,0,0,0,0
2024-05-05,6,Sunday,1,0,0,5,spring,0,,0,0,0,0,12.2,9.1,11.7,5.7,7.5,7.5,0,22.7,61,light_rain,1,0,0,0
2024-05-06,0,Monday,0,1,0,5,spring,0,,0,0,0,0,21.8,12.3,23.0,12.2,0.6,0.6,0,12.3,51,light_drizzle,0,0,0,0
2024-05-07,1,Tuesday,0,0,0,5,spring,0,,0,0,0,0,25.6,12.5,26.5,10.7,0,0.0,0,17.0,3,overcast,0,0,0,0
2024-05-08,2,Wednesday,0,0,0,5,spring,0,,0,0,0,0,29.9,15.9,30.5,16.2,0.1,0.1,0,27.0,51,light_drizzle,0,0,0,0
2024-05-09,3,Thursday,0,0,0,5,spring,0,,0,0,0,0,20.8,14.1,19.4,11.9,0,0.0,0,16.9,3,overcast,0,0,0,0
2024-05-10,4,Friday,0,0,1,5,spring,0,,0,0,0,0,14.3,9.6,11.9,6.0,12.5,12.5,0,20.6,63,rain,1,0,0,0
2024-05-11,5,Saturday,1,0,0,5,spring,0,,0,0,0,0,15.9,6.9,14.3,5.1,0,0.0,0,22.3,3,overcast,0,0,0,0
2024-05-12,6,Sunday,1,0,0,5,spring,0,,0,0,0,0,13.0,8.9,11.1,6.9,6.3,6.3,0,14.3,61,light_rain,1,0,0,0
2024-05-13,0,Monday,0,1,0,5,spring,0,,0,0,0,0,18.5,6.3,16.5,4.3,0.3,0.3,0,22.7,51,light_drizzle,0,0,0,0
2024-05-14,1,Tuesday,0,0,0,5,spring,0,,0,0,0,0,20.8,10.1,20.8,8.6,3.8,3.8,0,22.3,61,light_rain,1,0,0,0
2024-05-15,2,Wednesday,0,0,0,5,spring,0,,0,0,0,0,19.1,13.5,17.4,12.1,7.5,7.5,0,27.9,55,dense_drizzle,1,0,0,0
2024-05-16,3,Thursday,0,0,0,5,spring,0,,0,0,0,0,18.7,14.9,17.7,12.2,4.8,4.8,0,34.4,51,light_drizzle,1,0,0,0
2024-05-17,4,Friday,0,0,1,5,spring,0,,0,0,0,0,22.8,12.1,22.2,10.9,0,0.0,0,19.0,3,overcast,0,0,0,0
2024-05-18,5,Saturday,1,0,0,5,spring,0,,0,0,0,0,22.4,13.2,22.3,12.4,2.5,2.5,0,12.3,53,drizzle,1,0,0,0
2024-05-19,6,Sunday,1,0,0,5,spring,0,,0,0,0,0,23.1,12.5,23.4,12.1,0,0.0,0,21.1,3,overcast,0,0,0,0
2024-05-20,0,Monday,0,1,0,5,spring,0,,0,0,0,0,23.3,11.0,25.7,10.3,0,0.0,0,18.4,3,overcast,0,0,0,0
2024-05-21,1,Tuesday,0,0,0,5,spring,0,,0,0,0,0,24.8,12.5,27.9,11.9,0,0.0,0,17.9,3,overcast,0,0,0,0
2024-05-22,2,Wednesday,0,0,0,5,spring,0,,0,0,0,0,27.1,15.6,29.5,15.4,0,0.0,0,23.4,3,overcast,0,0,0,0
2024-05-23,3,Thursday,0,0,0,5,spring,0,,0,0,0,0,26.6,18.6,28.4,19.7,7.4,7.4,0,16.5,63,rain,1,0,0,0
2024-05-24,4,Friday,0,0,1,5,spring,0,,0,0,0,0,29.8,16.2,28.1,17.5,0,0.0,0,17.1,3,overcast,0,0,0,0
2024-05-25,5,Saturday,1,0,0,5,spring,0,,0,0,0,0,25.9,14.8,27.2,13.9,0,0.0,0,18.1,3,overcast,0,0,0,0
2024-05-26,6,Sunday,1,0,0,5,spring,0,,0,0,0,0,25.2,15.6,28.2,16.2,0.1,0.1,0,16.3,51,light_drizzle,0,0,0,0
2024-05-27,0,Monday,0,1,0,5,spring,1,Memorial Day,0,0,0,1,22.2,16.9,21.9,17.1,44.6,44.6,0,28.9,65,heavy_rain,1,0,0,0
2024-05-28,1,Tuesday,0,0,0,5,spring,0,,0,0,0,0,27.1,17.8,26.4,17.3,0.1,0.1,0,27.2,51,light_drizzle,0,0,0,0
2024-05-29,2,Wednesday,0,0,0,5,spring,0,,0,0,0,0,24.9,14.1,26.5,13.6,11.4,11.4,0,15.4,63,rain,1,0,0,0
2024-05-30,3,Thursday,0,0,0,5,spring,0,,0,0,0,0,21.6,14.1,20.0,12.7,3.0,3.0,0,21.8,61,light_rain,1,0,0,0
2024-05-31,4,Friday,0,0,1,5,spring,0,,0,0,0,0,24.8,12.6,22.6,10.0,0,0.0,0,20.8,3,overcast,0,0,0,0
2024-06-01,5,Saturday,1,0,0,6,summer,0,,0,0,0,0,28.5,12.8,28.0,10.1,0,0.0,0,17.5,3,overcast,0,0,0,0
2024-06-02,6,Sunday,1,0,0,6,summer,0,,0,0,0,0,27.0,13.9,27.1,12.0,0,0.0,0,21.3,3,overcast,0,0,0,0
2024-06-03,0,Monday,0,1,0,6,summer,0,,0,0,0,0,29.7,17.7,32.7,18.6,0,0.0,0,13.8,3,overcast,0,0,0,0
2024-06-04,1,Tuesday,0,0,0,6,summer,0,,0,0,0,0,25.2,16.6,26.7,17.6,0,0.0,0,18.2,3,overcast,0,0,0,0
2024-06-05,2,Wednesday,0,0,0,6,summer,0,,0,0,0,0,25.8,15.3,27.5,16.3,3.4,3.4,0,24.6,61,light_rain,1,0,0,0
2024-06-06,3,Thursday,0,0,0,6,summer,0,,0,0,0,0,27.5,19.4,31.0,18.3,24.9,24.9,0,39.0,65,heavy_rain,1,0,0,0
2024-06-07,4,Friday,0,0,1,6,summer,0,,0,0,0,0,28.4,18.2,27.9,17.6,0.6,0.6,0,22.1,53,drizzle,0,0,0,0
2024-06-08,5,Saturday,1,0,0,6,summer,0,,0,0,0,0,25.2,15.1,22.3,13.5,0,0.0,0,27.8,3,overcast,0,0,0,0
2024-06-09,6,Sunday,1,0,0,6,summer,0,,0,0,0,0,25.1,14.8,23.3,14.5,0.2,0.2,0,27.2,51,light_drizzle,0,0,0,0
2024-06-10,0,Monday,0,1,0,6,summer,0,,0,0,0,0,24.6,14.4,22.1,12.6,0,0.0,0,18.9,3,overcast,0,0,0,0
2024-06-11,1,Tuesday,0,0,0,6,summer,0,,0,0,0,0,23.1,14.0,23.3,13.7,1.4,1.4,0,11.7,51,light_drizzle,1,0,0,0
2024-06-12,2,Wednesday,0,0,0,6,summer,0,,0,0,0,0,25.8,14.4,25.6,14.1,0,0.0,0,19.1,3,overcast,0,0,0,0
2024-06-13,3,Thursday,0,0,0,6,summer,0,,0,0,0,0,27.9,14.6,29.0,14.6,0,0.0,0,29.6,3,overcast,0,0,0,0
2024-06-14,4,Friday,0,0,1,6,summer,0,,0,0,0,0,29.0,19.4,32.9,19.6,8.3,8.3,0,15.8,63,rain,1,0,0,0
2024-06-15,5,Saturday,1,0,0,6,summer,0,,0,0,0,0,27.5,17.5,26.0,16.3,0,0.0,0,22.6,3,overcast,0,0,0,0
2024-06-16,6,Sunday,1,0,0,6,summer,0,,0,0,0,0,24.0,14.5,25.0,12.5,0,0.0,0,18.9,3,overcast,0,0,0,0
2024-06-17,0,Monday,0,1,0,6,summer,0,,0,0,0,0,27.2,16.8,28.0,17.6,0,0.0,0,29.6,3,overcast,0,0,0,0
2024-06-18,1,Tuesday,0,0,0,6,summer,0,,0,0,0,0,29.1,20.4,31.5,21.3,0,0.0,0,24.6,3,overcast,0,0,0,0
2024-06-19,2,Wednesday,0,0,0,6,summer,1,Juneteenth National Independence Day,0,0,0,1,30.5,19.9,33.8,21.0,0,0.0,0,25.8,3,overcast,0,0,0,0
2024-06-20,3,Thursday,0,0,0,6,summer,0,,0,0,0,0,33.1,20.0,35.1,20.9,0,0.0,0,21.6,3,overcast,0,0,1,0
2024-06-21,4,Friday,0,0,1,6,summer,0,,0,0,0,0,35.5,22.9,38.2,23.4,0.3,0.3,0,20.2,51,light_drizzle,0,0,1,0
2024-06-22,5,Saturday,1,0,0,6,summer,0,,0,0,0,0,33.6,22.4,38.9,26.1,2.5,2.5,0,17.5,61,light_rain,1,0,1,0
2024-06-23,6,Sunday,1,0,0,6,summer,0,,0,0,0,0,35.4,22.7,36.6,24.5,0.2,0.2,0,27.2,51,light_drizzle,0,0,1,0
2024-06-24,0,Monday,0,1,0,6,summer,0,,0,0,0,0,28.1,22.1,28.0,19.3,0,0.0,0,39.0,3,overcast,0,0,0,0
2024-06-25,1,Tuesday,0,0,0,6,summer,0,,0,0,0,0,34.1,19.9,33.8,17.3,0,0.0,0,31.0,3,overcast,0,0,1,0
2024-06-26,2,Wednesday,0,0,0,6,summer,0,,0,0,0,0,34.5,23.5,38.1,22.7,0.2,0.2,0,26.6,51,light_drizzle,0,0,1,0
2024-06-27,3,Thursday,0,0,0,6,summer,0,,0,0,0,0,30.5,21.6,29.5,19.5,9.8,9.8,0,21.6,63,rain,1,0,0,0
2024-06-28,4,Friday,0,0,1,6,summer,0,,0,0,0,0,24.9,15.5,26.1,14.5,0,0.0,0,22.3,3,overcast,0,0,0,0
2024-06-29,5,Saturday,1,0,0,6,summer,0,,0,0,0,0,26.9,18.5,25.9,18.5,0.9,0.9,0,35.9,53,drizzle,0,0,0,0
2024-06-30,6,Sunday,1,0,0,6,summer,0,,0,0,0,0,32.9,22.5,35.6,23.9,23.4,23.4,0,22.6,65,heavy_rain,1,0,1,0
2024-07-01,0,Monday,0,1,0,7,summer,0,,1,0,0,1,27.0,16.5,24.9,15.4,0.1,0.1,0,25.3,51,light_drizzle,0,0,0,0
2024-07-02,1,Tuesday,0,0,0,7,summer,0,,1,0,0,1,29.1,16.1,31.0,15.3,0,0.0,0,16.5,3,overcast,0,0,0,0
2024-07-03,2,Wednesday,0,0,0,7,summer,0,,1,0,0,1,28.1,17.8,27.0,18.6,0,0.0,0,27.0,3,overcast,0,0,0,0
2024-07-04,3,Thursday,0,0,0,7,summer,1,Independence Day,1,0,0,1,29.9,19.5,32.6,19.3,1.1,1.1,0,21.3,53,drizzle,1,0,0,0
2024-07-05,4,Friday,0,0,1,7,summer,0,,1,0,0,1,31.4,21.9,36.0,25.2,2.4,2.4,0,19.9,61,light_rain,1,0,0,0
2024-07-06,5,Saturday,1,0,0,7,summer,0,,1,0,0,1,32.3,22.6,38.1,25.4,0,0.0,0,18.8,3,overcast,0,0,1,0
2024-07-07,6,Sunday,1,0,0,7,summer,0,,1,0,0,1,32.8,23.7,36.9,27.0,1.0,1.0,0,14.7,51,light_drizzle,1,0,1,0
2024-07-08,0,Monday,0,1,0,7,summer,0,,1,0,0,1,33.0,23.2,36.8,27.4,0.6,0.6,0,16.2,51,light_drizzle,0,0,1,0
2024-07-09,1,Tuesday,0,0,0,7,summer,0,,1,0,0,1,30.2,22.2,34.4,26.1,0.3,0.3,0,23.7,51,light_drizzle,0,0,0,0
2024-07-10,2,Wednesday,0,0,0,7,summer,0,,1,0,0,1,31.1,24.6,34.4,27.0,0.1,0.1,0,37.6,51,light_drizzle,0,0,0,0
2024-07-11,3,Thursday,0,0,0,7,summer,0,,1,0,0,1,33.0,24.5,33.0,26.6,3.5,3.5,0,29.3,61,light_rain,1,0,1,0
2024-07-12,4,Friday,0,0,1,7,summer,0,,1,0,0,1,29.2,22.8,31.6,25.3,4.6,4.6,0,19.8,61,light_rain,1,0,0,0
2024-07-13,5,Saturday,1,0,0,7,summer,0,,1,0,0,1,29.5,22.0,35.5,24.2,26.4,26.4,0,15.9,65,heavy_rain,1,0,0,0
2024-07-14,6,Sunday,1,0,0,7,summer,0,,1,0,0,1,31.2,22.0,36.4,25.8,0.4,0.4,0,18.4,51,light_drizzle,0,0,0,0
2024-07-15,0,Monday,0,1,0,7,summer,0,,1,0,0,1,32.2,23.5,38.3,27.9,2.4,2.4,0,22.2,61,light_rain,1,0,1,0
2024-07-16,1,Tuesday,0,0,0,7,summer,0,,1,0,0,1,34.8,23.3,37.5,26.3,6.2,6.2,0,28.6,63,rain,1,0,1,0
2024-07-17,2,Wednesday,0,0,0,7,summer,0,,1,0,0,1,31.5,24.1,35.9,28.4,25.9,25.9,0,19.6,65,heavy_rain,1,0,0,0
2024-07-18,3,Thursday,0,0,0,7,summer,0,,1,0,0,1,31.4,21.9,32.3,23.7,0.5,0.5,0,12.9,51,light_drizzle,0,0,0,0
2024-07-19,4,Friday,0,0,1,7,summer,0,,1,0,0,1,30.1,18.1,29.7,17.3,0,0.0,0,15.2,1,mainly_clear,0,0,0,0
2024-07-20,5,Saturday,1,0,0,7,summer,0,,1,0,0,1,29.0,18.6,30.2,20.0,2.5,2.5,0,17.4,61,light_rain,1,0,0,0
2024-07-21,6,Sunday,1,0,0,7,summer,0,,1,0,0,1,31.3,20.2,34.5,23.1,0.2,0.2,0,21.7,51,light_drizzle,0,0,0,0
2024-07-22,0,Monday,0,1,0,7,summer,0,,1,0,0,1,28.3,21.9,31.1,24.8,4.3,4.3,0,21.7,61,light_rain,1,0,0,0
2024-07-23,1,Tuesday,0,0,0,7,summer,0,,1,0,0,1,29.1,21.4,32.8,25.1,6.4,6.4,0,10.7,61,light_rain,1,0,0,0
2024-07-24,2,Wednesday,0,0,0,7,summer,0,,1,0,0,1,28.9,21.5,32.4,23.3,6.4,6.4,0,16.2,63,rain,1,0,0,0
2024-07-25,3,Thursday,0,0,0,7,summer,0,,1,0,0,1,30.9,20.7,31.8,21.9,0.5,0.5,0,17.2,53,drizzle,0,0,0,0
2024-07-26,4,Friday,0,0,1,7,summer,0,,1,0,0,1,29.8,17.9,29.2,16.0,0,0.0,0,20.7,3,overcast,0,0,0,0
2024-07-27,5,Saturday,1,0,0,7,summer,0,,1,0,0,1,29.8,17.9,30.1,17.9,0,0.0,0,15.7,3,overcast,0,0,0,0
2024-07-28,6,Sunday,1,0,0,7,summer,0,,1,0,0,1,31.9,18.7,31.5,19.1,0,0.0,0,22.3,3,overcast,0,0,0,0
2024-07-29,0,Monday,0,1,0,7,summer,0,,1,0,0,1,29.0,22.1,31.2,24.3,4.7,4.7,0,19.3,61,light_rain,1,0,0,0
2024-07-30,1,Tuesday,0,0,0,7,summer,0,,1,0,0,1,30.4,21.9,32.4,25.3,0.2,0.2,0,34.4,51,light_drizzle,0,0,0,0
2024-07-31,2,Wednesday,0,0,0,7,summer,0,,1,0,0,1,30.0,23.6,34.6,26.2,9.0,9.0,0,20.2,63,rain,1,0,0,0
2024-08-01,3,Thursday,0,0,0,8,summer,0,,1,0,0,1,34.6,21.2,38.2,25.0,0.2,0.2,0,21.3,51,light_drizzle,0,0,1,0
2024-08-02,4,Friday,0,0,1,8,summer,0,,1,0,0,1,33.0,23.8,36.5,28.1,7.2,7.2,0,24.5,63,rain,1,0,1,0
2024-08-03,5,Saturday,1,0,0,8,summer,0,,1,0,0,1,33.2,23.5,37.2,27.2,10.0,10.0,0,23.8,63,rain,1,0,1,0
2024-08-04,6,Sunday,1,0,0,8,summer,0,,1,0,0,1,28.1,23.2,31.3,26.2,14.7,14.7,0,15.6,65,heavy_rain,1,0,0,0
2024-08-05,0,Monday,0,1,0,8,summer,0,,1,0,0,1,31.5,21.1,35.7,23.5,0,0.0,0,20.4,3,overcast,0,0,0,0
2024-08-06,1,Tuesday,0,0,0,8,summer,0,,1,0,0,1,31.9,22.2,37.9,24.9,52.4,52.4,0,17.7,65,heavy_rain,1,0,0,0
2024-08-07,2,Wednesday,0,0,0,8,summer,0,,1,0,0,1,22.6,18.8,26.6,18.9,30.2,30.2,0,23.7,65,heavy_rain,1,0,0,0
2024-08-08,3,Thursday,0,0,0,8,summer,0,,1,0,0,1,23.4,18.1,24.7,18.5,6.4,6.4,0,22.4,61,light_rain,1,0,0,0
2024-08-09,4,Friday,0,0,1,8,summer,0,,1,0,0,1,28.4,22.5,28.9,23.9,27.8,27.8,0,43.7,65,heavy_rain,1,0,0,0
2024-08-10,5,Saturday,1,0,0,8,summer,0,,1,0,0,1,29.5,22.0,30.9,24.1,6.7,6.7,0,18.6,63,rain,1,0,0,0
2024-08-11,6,Sunday,1,0,0,8,summer,0,,1,0,0,1,27.4,19.2,28.3,20.1,0.2,0.2,0,18.7,51,light_drizzle,0,0,0,0
2024-08-12,0,Monday,0,1,0,8,summer,0,,1,0,0,1,26.5,17.1,25.2,18.0,0.2,0.2,0,20.7,51,light_drizzle,0,0,0,0
2024-08-13,1,Tuesday,0,0,0,8,summer,0,,1,0,0,1,27.6,16.3,26.8,15.7,0,0.0,0,15.0,3,overcast,0,0,0,0
2024-08-14,2,Wednesday,0,0,0,8,summer,0,,1,0,0,1,28.8,17.8,28.7,18.6,0.3,0.3,0,16.8,51,light_drizzle,0,0,0,0
2024-08-15,3,Thursday,0,0,0,8,summer,0,,1,0,0,1,31.0,17.6,31.4,18.9,0,0.0,0,11.6,1,mainly_clear,0,0,0,0
2024-08-16,4,Friday,0,0,1,8,summer,0,,1,0,0,1,30.6,18.9,33.6,20.3,0.4,0.4,0,17.9,51,light_drizzle,0,0,0,0
2024-08-17,5,Saturday,1,0,0,8,summer,0,,1,0,0,1,26.5,21.0,27.6,23.7,1.2,1.2,0,24.7,53,drizzle,1,0,0,0
2024-08-18,6,Sunday,1,0,0,8,summer,0,,1,0,0,1,25.3,21.8,26.5,23.3,16.3,16.3,0,25.6,63,rain,1,0,0,0
2024-08-19,0,Monday,0,1,0,8,summer,0,,1,0,0,1,28.4,20.5,32.4,20.9,22.8,22.8,0,19.2,65,heavy_rain,1,0,0,0
2024-08-20,1,Tuesday,0,0,0,8,summer,0,,1,0,0,1,22.7,16.4,21.0,14.6,0.1,0.1,0,21.2,51,light_drizzle,0,0,0,0
2024-08-21,2,Wednesday,0,0,0,8,summer,0,,1,0,0,1,22.9,12.8,20.6,11.4,0,0.0,0,21.3,1,mainly_clear,0,0,0,0
2024-08-22,3,Thursday,0,0,0,8,summer,0,,1,0,0,1,24.8,12.8,22.7,11.9,0,0.0,0,20.0,2,partly_cloudy,0,0,0,0
2024-08-23,4,Friday,0,0,1,8,summer,0,,1,0,0,1,27.8,13.8,27.0,14.2,0,0.0,0,15.7,2,partly_cloudy,0,0,0,0
2024-08-24,5,Saturday,1,0,0,8,summer,0,,1,0,0,1,30.0,15.2,30.9,16.2,0,0.0,0,12.3,3,overcast,0,0,0,0
2024-08-25,6,Sunday,1,0,0,8,summer,0,,1,0,0,1,30.6,17.0,31.8,17.7,0,0.0,0,19.1,3,overcast,0,0,0,0
2024-08-26,0,Monday,0,1,0,8,summer,0,,1,0,0,1,30.0,18.5,32.4,19.2,0.6,0.6,0,20.5,51,light_drizzle,0,0,0,0
2024-08-27,1,Tuesday,0,0,0,8,summer,0,,1,0,0,1,29.8,18.4,32.4,20.5,0,0.0,0,20.2,3,overcast,0,0,0,0
2024-08-28,2,Wednesday,0,0,0,8,summer,0,,1,0,0,1,35.4,21.7,37.5,23.0,0.4,0.4,0,16.8,51,light_drizzle,0,0,1,0
2024-08-29,3,Thursday,0,0,0,8,summer,0,,1,0,0,1,27.0,20.4,29.9,20.8,5.2,5.2,0,18.6,61,light_rain,1,0,0,0
2024-08-30,4,Friday,0,0,1,8,summer,0,,1,0,0,1,24.2,18.3,24.0,18.6,6.1,6.1,0,17.8,63,rain,1,0,0,0
2024-08-31,5,Saturday,1,0,0,8,summer,0,,1,0,0,1,26.2,18.0,27.0,19.4,0.5,0.5,0,18.2,51,light_drizzle,0,0,0,0
2024-09-01,6,Sunday,1,0,0,9,fall,0,,0,0,0,0,29.3,21.2,31.0,23.7,1.4,1.4,0,20.0,51,light_drizzle,1,0,0,0
2024-09-02,0,Monday,0,1,0,9,fall,1,Labor Day,0,0,0,1,26.6,17.8,25.6,14.7,0,0.0,0,20.5,3,overcast,0,0,0,0
2024-09-03,1,Tuesday,0,0,0,9,fall,0,,0,0,0,0,23.5,12.5,21.7,10.5,0,0.0,0,16.7,0,clear,0,0,0,0
2024-09-04,2,Wednesday,0,0,0,9,fall,0,,0,0,0,0,25.5,12.9,25.7,12.3,0,0.0,0,15.5,0,clear,0,0,0,0
2024-09-05,3,Thursday,0,0,0,9,fall,0,,0,0,0,0,26.0,13.7,25.9,13.7,0,0.0,0,17.2,1,mainly_clear,0,0,0,0
2024-09-06,4,Friday,0,0,1,9,fall,0,,0,0,0,0,26.4,15.2,28.2,15.3,0.2,0.2,0,18.4,51,light_drizzle,0,0,0,0
2024-09-07,5,Saturday,1,0,0,9,fall,0,,0,0,0,0,24.2,15.9,23.5,16.3,9.1,9.1,0,27.8,63,rain,1,0,0,0
2024-09-08,6,Sunday,1,0,0,9,fall,0,,0,0,0,0,22.2,11.6,18.4,9.8,0,0.0,0,21.1,0,clear,0,0,0,0
2024-09-09,0,Monday,0,1,0,9,fall,0,,0,0,0,0,25.8,10.9,23.0,8.8,0,0.0,0,22.5,2,partly_cloudy,0,0,0,0
2024-09-10,1,Tuesday,0,0,0,9,fall,0,,0,0,0,0,26.6,13.9,25.5,12.2,0,0.0,0,14.2,1,mainly_clear,0,0,0,0
2024-09-11,2,Wednesday,0,0,0,9,fall,0,,0,0,0,0,25.6,12.9,25.6,11.3,0,0.0,0,14.1,3,overcast,0,0,0,0
2024-09-12,3,Thursday,0,0,0,9,fall,0,,0,0,0,0,26.4,15.9,27.0,16.7,0,0.0,0,16.5,3,overcast,0,0,0,0
2024-09-13,4,Friday,0,0,1,9,fall,0,,0,0,0,0,27.5,14.5,28.4,15.5,0,0.0,0,14.4,3,overcast,0,0,0,0
2024-09-14,5,Saturday,1,0,0,9,fall,0,,0,0,0,0,30.0,15.3,30.5,16.1,0,0.0,0,14.0,3,overcast,0,0,0,0
2024-09-15,6,Sunday,1,0,0,9,fall,0,,0,0,0,0,28.1,17.0,28.6,17.0,0,0.0,0,19.2,1,mainly_clear,0,0,0,0
2024-09-16,0,Monday,0,1,0,9,fall,0,,0,0,0,0,25.8,13.6,25.8,13.5,0,0.0,0,14.6,3,overcast,0,0,0,0
2024-09-17,1,Tuesday,0,0,0,9,fall,0,,0,0,0,0,27.3,15.6,27.9,16.2,0,0.0,0,17.8,3,overcast,0,0,0,0
2024-09-18,2,Wednesday,0,0,0,9,fall,0,,0,0,0,0,23.6,18.6,22.6,19.2,0,0.0,0,17.6,3,overcast,0,0,0,0
2024-09-19,3,Thursday,0,0,0,9,fall,0,,0,0,0,0,30.7,16.5,28.8,16.0,0,0.0,0,18.7,3,overcast,0,0,0,0
2024-09-20,4,Friday,0,0,1,9,fall,0,,0,0,0,0,27.8,17.6,27.3,17.5,0,0.0,0,19.2,3,overcast,0,0,0,0
2024-09-21,5,Saturday,1,0,0,9,fall,0,,0,0,0,0,26.9,15.5,24.9,14.7,0,0.0,0,19.7,3,overcast,0,0,0,0
2024-09-22,6,Sunday,1,0,0,9,fall,0,,0,0,0,0,24.4,13.9,23.2,13.2,0,0.0,0,18.5,3,overcast,0,0,0,0
2024-09-23,0,Monday,0,1,0,9,fall,0,,0,0,0,0,21.3,13.7,19.5,13.0,0.1,0.1,0,16.6,51,light_drizzle,0,0,0,0
2024-09-24,1,Tuesday,0,0,0,9,fall,0,,0,0,0,0,20.4,14.2,18.9,13.1,0.1,0.1,0,16.0,51,light_drizzle,0,0,0,0
2024-09-25,2,Wednesday,0,0,0,9,fall,0,,0,0,0,0,21.0,16.0,19.3,14.9,0,0.0,0,20.6,3,overcast,0,0,0,0
2024-09-26,3,Thursday,0,0,0,9,fall,0,,0,0,0,0,23.0,17.3,25.3,17.5,4.8,4.8,0,20.2,61,light_rain,1,0,0,0
2024-09-27,4,Friday,0,0,1,9,fall,0,,0,0,0,0,22.3,18.7,24.9,19.5,0.6,0.6,0,14.3,51,light_drizzle,0,0,0,0
2024-09-28,5,Saturday,1,0,0,9,fall,0,,0,0,0,0,20.5,16.0,19.5,15.3,7.8,7.8,0,24.0,61,light_rain,1,0,0,0
2024-09-29,6,Sunday,1,0,0,9,fall,0,,0,0,0,0,18.9,16.5,18.4,15.7,1.4,1.4,0,16.8,51,light_drizzle,1,0,0,0
2024-09-30,0,Monday,0,1,0,9,fall,0,,0,0,0,0,22.7,14.6,21.6,14.4,0,0.0,0,18.8,3,overcast,0,0,0,0
2024-10-01,1,Tuesday,0,0,0,10,fall,0,,0,0,0,0,21.9,14.6,20.4,13.9,0,0.0,0,15.8,3,overcast,0,0,0,0
2024-10-02,2,Wednesday,0,0,0,10,fall,0,,0,0,0,0,20.5,13.0,20.0,12.4,0,0.0,0,12.8,3,overcast,0,0,0,0
2024-10-03,3,Thursday,0,0,0,10,fall,0,,0,0,0,0,21.8,14.4,21.4,14.9,0.2,0.2,0,14.5,51,light_drizzle,0,0,0,0
2024-10-04,4,Friday,0,0,1,10,fall,0,,0,0,0,0,22.7,12.4,23.0,12.7,0.1,0.1,0,17.8,51,light_drizzle,0,0,0,0
2024-10-05,5,Saturday,1,0,0,10,fall,0,,0,0,0,0,24.0,14.6,21.9,13.3,0.2,0.2,0,18.4,51,light_drizzle,0,0,0,0
2024-10-06,6,Sunday,1,0,0,10,fall,0,,0,0,0,0,21.5,10.4,20.7,8.4,0,0.0,0,17.3,3,overcast,0,0,0,0
2024-10-07,0,Monday,0,1,0,10,fall,0,,0,0,0,0,23.6,15.3,21.4,13.1,7.1,7.1,0,20.1,63,rain,1,0,0,0
2024-10-08,1,Tuesday,0,0,0,10,fall,0,,0,0,0,0,20.9,10.4,17.6,8.2,0,0.0,0,18.4,3,overcast,0,0,0,0
2024-10-09,2,Wednesday,0,0,0,10,fall,0,,0,0,0,0,20.5,9.1,16.2,7.5,0,0.0,0,22.1,3,overcast,0,0,0,0
2024-10-10,3,Thursday,0,0,0,10,fall,0,,0,0,0,0,18.2,7.5,13.2,4.4,0,0.0,0,23.1,1,mainly_clear,0,0,0,0
2024-10-11,4,Friday,0,0,1,10,fall,0,,0,0,0,0,21.5,6.3,17.1,3.8,0,0.0,0,18.9,0,clear,0,0,0,0
2024-10-12,5,Saturday,1,0,0,10,fall,0,,0,0,0,0,23.4,13.2,19.5,9.9,0,0.0,0,24.1,2,partly_cloudy,0,0,0,0
2024-10-13,6,Sunday,1,0,0,10,fall,0,,0,0,0,0,23.1,10.4,22.0,7.9,0,0.0,0,20.5,3,overcast,0,0,0,0
2024-10-14,0,Monday,0,1,0,10,fall,1,Columbus Day,0,0,0,1,20.0,8.6,19.0,3.8,0,0.0,0,36.8,3,overcast,0,0,0,0
2024-10-15,1,Tuesday,0,0,0,10,fall,0,,0,0,0,0,14.7,5.3,10.0,1.9,0,0.0,0,20.7,3,overcast,0,0,0,0
2024-10-16,2,Wednesday,0,0,0,10,fall,0,,0,0,0,0,15.5,5.2,10.5,1.4,0,0.0,0,20.6,3,overcast,0,0,0,0
2024-10-17,3,Thursday,0,0,0,10,fall,0,,0,0,0,0,15.2,3.7,11.3,0.5,0,0.0,0,23.6,3,overcast,0,0,0,0
2024-10-18,4,Friday,0,0,1,10,fall,0,,0,0,0,0,19.5,6.7,14.7,2.6,0,0.0,0,19.7,0,clear,0,0,0,0
2024-10-19,5,Saturday,1,0,0,10,fall,0,,0,0,0,0,21.2,6.6,19.6,3.4,0,0.0,0,10.1,0,clear,0,0,0,0
2024-10-20,6,Sunday,1,0,0,10,fall,0,,0,0,0,0,24.4,6.2,21.4,4.0,0,0.0,0,11.1,1,mainly_clear,0,0,0,0
2024-10-21,0,Monday,0,1,0,10,fall,0,,0,0,0,0,27.5,8.0,24.9,5.9,0,0.0,0,13.0,0,clear,0,0,0,0
2024-10-22,1,Tuesday,0,0,0,10,fall,0,,0,0,0,0,27.6,13.1,27.0,12.0,0,0.0,0,13.3,0,clear,0,0,0,0
2024-10-23,2,Wednesday,0,0,0,10,fall,0,,0,0,0,0,23.1,11.6,22.1,9.9,0,0.0,0,22.7,2,partly_cloudy,0,0,0,0
2024-10-24,3,Thursday,0,0,0,10,fall,0,,0,0,0,0,20.8,11.9,16.3,8.2,0.3,0.3,0,25.7,51,light_drizzle,0,0,0,0
2024-10-25,4,Friday,0,0,1,10,fall,0,,0,0,0,0,18.0,6.4,14.2,3.4,0,0.0,0,15.9,3,overcast,0,0,0,0
2024-10-26,5,Saturday,1,0,0,10,fall,0,,0,0,0,0,18.5,9.9,13.0,7.0,0,0.0,0,26.3,2,partly_cloudy,0,0,0,0
2024-10-27,6,Sunday,1,0,0,10,fall,0,,0,0,0,0,14.9,4.9,10.1,1.7,0,0.0,0,18.5,3,overcast,0,0,0,0
2024-10-28,0,Monday,0,1,0,10,fall,0,,0,0,0,0,16.0,3.1,12.7,0.5,0,0.0,0,15.5,3,overcast,0,0,0,0
2024-10-29,1,Tuesday,0,0,0,10,fall,0,,0,0,0,0,17.5,6.4,15.3,4.6,0.6,0.6,0,24.7,51,light_drizzle,0,0,0,0
2024-10-30,2,Wednesday,0,0,0,10,fall,0,,0,0,0,0,24.9,11.2,23.4,10.8,0.1,0.1,0,14.4,51,light_drizzle,0,0,0,0
2024-10-31,3,Thursday,0,0,0,10,fall,0,,0,0,0,0,28.0,12.4,26.0,11.3,0,0.0,0,20.4,3,overcast,0,0,0,0
2024-11-01,4,Friday,0,0,1,11,fall,0,,0,0,0,0,27.2,15.1,22.4,11.5,0.3,0.3,0,32.2,51,light_drizzle,0,0,0,0
2024-11-02,5,Saturday,1,0,0,11,fall,0,,0,0,0,0,16.0,8.4,12.0,4.5,0,0.0,0,20.4,2,partly_cloudy,0,0,0,0
2024-11-03,6,Sunday,1,0,0,11,fall,0,,0,0,0,0,13.3,3.6,8.5,-0.4,0,0.0,0,14.3,3,overcast,0,0,0,0
2024-11-04,0,Monday,0,1,0,11,fall,0,,0,0,0,0,14.3,4.0,11.1,0.7,0,0.0,0,19.3,3,overcast,0,0,0,0
2024-11-05,1,Tuesday,0,0,0,11,fall,1,Election Day,0,0,0,1,23.0,9.1,20.7,7.7,0,0.0,0,23.2,3,overcast,0,0,0,0
2024-11-06,2,Wednesday,0,0,0,11,fall,0,,0,0,0,0,27.2,16.6,25.5,14.8,0,0.0,0,24.7,2,partly_cloudy,0,0,0,0
2024-11-07,3,Thursday,0,0,0,11,fall,0,,0,0,0,0,23.1,12.8,20.0,9.5,0,0.0,0,22.5,3,overcast,0,0,0,0
2024-11-08,4,Friday,0,0,1,11,fall,0,,0,0,0,0,20.9,7.1,14.9,4.7,0,0.0,0,28.3,3,overcast,0,0,0,0
2024-11-09,5,Saturday,1,0,0,11,fall,0,,0,0,0,0,13.0,4.5,7.9,0.2,0,0.0,0,23.7,3,overcast,0,0,0,0
2024-11-10,6,Sunday,1,0,0,11,fall,0,,0,0,0,0,14.9,2.8,11.4,-0.1,0.9,0.9,0,20.1,53,drizzle,0,0,0,0
2024-11-11,0,Monday,0,1,0,11,fall,1,Veterans Day,0,0,0,1,21.2,11.6,17.3,9.3,3.2,3.2,0,28.1,61,light_rain,1,0,0,0
2024-11-12,1,Tuesday,0,0,0,11,fall,0,,0,0,0,0,11.8,5.6,8.5,0.8,0,0.0,0,26.6,3,overcast,0,0,0,0
2024-11-13,2,Wednesday,0,0,0,11,fall,0,,0,0,0,0,9.1,1.4,5.1,-2.7,0,0.0,0,13.0,1,mainly_clear,0,0,0,0
2024-11-14,3,Thursday,0,0,0,11,fall,0,,0,0,0,0,8.1,1.4,5.0,-2.6,0,0.0,0,8.4,3,overcast,0,0,0,0
2024-11-15,4,Friday,0,0,1,11,fall,0,,0,0,0,0,14.4,2.8,10.9,-0.7,0,0.0,0,12.5,3,overcast,0,0,0,0
2024-11-16,5,Saturday,1,0,0,11,fall,0,,0,0,0,0,16.5,5.6,11.7,1.9,0,0.0,0,16.6,0,clear,0,0,0,0
2024-11-17,6,Sunday,1,0,0,11,fall,0,,0,0,0,0,17.8,6.4,14.4,2.6,0,0.0,0,12.5,3,overcast,0,0,0,0
2024-11-18,0,Monday,0,1,0,11,fall,0,,0,0,0,0,18.0,7.6,14.6,4.3,0,0.0,0,14.3,3,overcast,0,0,0,0
2024-11-19,1,Tuesday,0,0,0,11,fall,0,,0,0,0,0,14.8,5.6,11.7,3.3,0,0.0,0,12.6,3,overcast,0,0,0,0
2024-11-20,2,Wednesday,0,0,0,11,fall,0,,0,0,0,0,15.9,7.4,13.6,5.8,0,0.0,0,10.7,3,overcast,0,0,0,0
2024-11-21,3,Thursday,0,0,0,11,fall,0,,0,0,0,0,12.1,4.6,9.8,1.0,44.0,44.0,0,15.9,63,rain,1,0,0,0
2024-11-22,4,Friday,0,0,1,11,fall,0,,0,0,0,0,5.4,2.5,0.8,-2.1,14.7,14.4,0.21,23.9,71,light_snow,1,0,0,0
2024-11-23,5,Saturday,1,0,0,11,fall,0,,0,0,0,0,8.9,2.7,4.2,-1.3,1.0,1.0,0,24.1,51,light_drizzle,1,0,0,0
2024-11-24,6,Sunday,1,0,0,11,fall,0,,0,0,0,0,10.7,5.4,6.4,1.5,0,0.0,0,22.7,3,overcast,0,0,0,0
2024-11-25,0,Monday,0,1,0,11,fall,0,,0,0,0,0,10.4,2.1,7.9,-0.7,0,0.0,0,10.0,3,overcast,0,0,0,0
2024-11-26,1,Tuesday,0,0,0,11,fall,0,,0,0,0,0,14.7,6.6,12.8,3.9,3.0,3.0,0,13.1,55,dense_drizzle,1,0,0,0
2024-11-27,2,Wednesday,0,0,0,11,fall,0,,0,0,0,0,10.2,2.2,6.9,-0.7,0,0.0,0,8.8,3,overcast,0,0,0,0
2024-11-28,3,Thursday,0,0,0,11,fall,1,Thanksgiving Day,0,0,0,1,12.0,5.1,10.3,0.8,17.9,17.9,0,19.9,63,rain,1,0,0,0
2024-11-29,4,Friday,0,0,1,11,fall,0,,0,0,0,0,7.8,1.1,3.3,-2.9,0.1,0.1,0,16.8,51,light_drizzle,0,0,0,0
2024-11-30,5,Saturday,1,0,0,11,fall,0,,0,0,0,0,3.5,-2.2,-1.7,-6.3,0,0.0,0,16.6,3,overcast,0,0,0,0
2024-12-01,6,Sunday,1,0,0,12,winter,0,,0,0,0,0,2.6,-3.8,-2.9,-7.8,0,0.0,0,17.2,3,overcast,0,0,0,0
2024-12-02,0,Monday,0,1,0,12,winter,0,,0,0,0,0,3.8,-3.0,-0.4,-6.6,0,0.0,0,10.1,3,overcast,0,0,0,0
2024-12-03,1,Tuesday,0,0,0,12,winter,0,,0,0,0,0,4.9,-2.5,0.8,-6.1,0.1,0.1,0,10.4,51,light_drizzle,0,0,0,0
2024-12-04,2,Wednesday,0,0,0,12,winter,0,,0,0,0,0,4.2,-3.2,-0.8,-6.7,0.1,0.1,0,15.9,51,light_drizzle,0,0,0,0
2024-12-05,3,Thursday,0,0,0,12,winter,0,,0,0,0,0,4.9,-0.1,-0.1,-5.9,5.7,2.3,2.38,26.5,75,heavy_snow,1,1,0,0
2024-12-06,4,Friday,0,0,1,12,winter,0,,0,0,0,0,0.1,-2.2,-5.4,-6.9,0,0.0,0,18.3,3,overcast,0,0,0,0
2024-12-07,5,Saturday,1,0,0,12,winter,0,,0,0,0,0,4.7,-2.7,-0.1,-7.2,0,0.0,0,13.0,3,overcast,0,0,0,0
2024-12-08,6,Sunday,1,0,0,12,winter,0,,0,0,0,0,11.3,1.6,6.9,-3.1,0,0.0,0.07,16.8,71,light_snow,0,0,0,0
2024-12-09,0,Monday,0,1,0,12,winter,0,,0,0,0,0,10.6,1.1,8.4,-1.4,6.8,6.8,0,12.1,61,light_rain,1,0,0,0
2024-12-10,1,Tuesday,0,0,0,12,winter,0,,0,0,0,0,11.1,6.2,9.7,4.3,1.6,1.6,0,14.7,55,dense_drizzle,1,0,0,0
2024-12-11,2,Wednesday,0,0,0,12,winter,0,,0,0,0,0,15.4,6.3,13.9,1.7,36.5,36.5,0,25.2,63,rain,1,0,0,0
2024-12-12,3,Thursday,0,0,0,12,winter,0,,0,0,0,0,5.3,-1.8,0.3,-6.2,0.1,0.1,0,23.9,51,light_drizzle,0,0,0,0
2024-12-13,4,Friday,0,0,1,12,winter,0,,0,0,0,0,0.3,-3.8,-4.5,-7.9,0,0.0,0,11.5,0,clear,0,0,0,0
2024-12-14,5,Saturday,1,0,0,12,winter,0,,0,0,0,0,0.6,-5.3,-3.2,-9.2,0,0.0,0,8.0,3,overcast,0,0,0,1
2024-12-15,6,Sunday,1,0,0,12,winter,0,,0,0,0,0,3.5,-4.9,0.1,-8.9,0,0.0,0,9.1,3,overcast,0,0,0,0
2024-12-16,0,Monday,0,1,0,12,winter,0,,0,0,0,0,10.0,2.2,8.1,-0.9,16.8,16.6,0.14,17.0,71,light_snow,1,0,0,0
2024-12-17,1,Tuesday,0,0,0,12,winter,0,,0,0,0,0,14.8,7.5,13.3,4.6,3.6,3.6,0,16.2,61,light_rain,1,0,0,0
2024-12-18,2,Wednesday,0,0,0,12,winter,0,,0,0,0,0,10.1,2.0,7.8,-0.3,3.4,3.4,0,9.6,61,light_rain,1,0,0,0
2024-12-19,3,Thursday,0,0,0,12,winter,0,,0,0,0,0,6.9,0.9,5.0,-2.3,2.8,2.8,0,14.4,55,dense_drizzle,1,0,0,0
2024-12-20,4,Friday,0,0,1,12,winter,0,,0,0,0,0,2.8,-0.6,-1.3,-4.1,1.6,1.1,0.35,15.1,71,light_snow,1,0,0,0
2024-12-21,5,Saturday,1,0,0,12,winter,0,,0,0,0,0,0.6,-6.6,-3.0,-11.9,3.7,0.0,2.59,19.7,73,snow,1,1,0,1
2024-12-22,6,Sunday,1,0,0,12,winter,0,,0,0,0,0,-6.8,-12.6,-12.2,-17.1,0,0.0,0,14.7,1,mainly_clear,0,0,0,1
2024-12-23,0,Monday,0,1,0,12,winter,0,,0,0,0,0,-3.8,-14.7,-7.9,-19.0,0,0.0,0,7.2,3,overcast,0,0,0,1
2024-12-24,1,Tuesday,0,0,0,12,winter,0,,0,1,0,0,1.2,-3.9,-1.6,-7.6,1.8,0.0,1.26,9.3,73,snow,1,1,0,0
2024-12-25,2,Wednesday,0,0,0,12,winter,1,Christmas Day,0,1,0,1,0.2,-5.8,-3.7,-9.7,0,0.0,0,10.7,3,overcast,0,0,0,1
2024-12-26,3,Thursday,0,0,0,12,winter,0,,0,1,0,0,-0.3,-8.4,-3.9,-12.8,0,0.0,0,6.5,3,overcast,0,0,0,1
2024-12-27,4,Friday,0,0,1,12,winter,0,,0,1,0,0,3.0,-9.4,-0.3,-13.3,0,0.0,0,5.2,3,overcast,0,0,0,1
2024-12-28,5,Saturday,1,0,0,12,winter,0,,0,1,0,0,7.6,1.8,5.7,-0.9,5.5,5.5,0,6.7,53,drizzle,1,0,0,0
2024-12-29,6,Sunday,1,0,0,12,winter,0,,0,1,0,0,14.7,4.7,14.0,2.8,4.3,4.3,0,23.3,55,dense_drizzle,1,0,0,0
2024-12-30,0,Monday,0,1,0,12,winter,0,,0,1,0,0,13.1,7.9,11.0,4.4,5.9,5.9,0,25.4,61,light_rain,1,0,0,0
2024-12-31,1,Tuesday,0,0,0,12,winter,0,,0,1,0,0,9.6,1.8,7.0,-0.8,8.1,8.1,0,12.2,63,rain,1,0,0,0
2025-01-01,2,Wednesday,0,0,0,1,winter,1,New Year's Day,0,0,0,1,11.1,4.0,7.9,-1.5,5.6,5.6,0,23.4,63,rain,1,0,0,0
2025-01-02,3,Thursday,0,0,0,1,winter,0,,0,0,0,0,5.4,0.3,-0.7,-4.7,0,0.0,0,24.8,3,overcast,0,0,0,0
2025-01-03,4,Friday,0,0,1,1,winter,0,,0,0,0,0,3.2,-2.0,-1.4,-6.5,0,0.0,0,16.5,3,overcast,0,0,0,0
2025-01-04,5,Saturday,1,0,0,1,winter,0,,0,0,0,0,0.1,-2.5,-6.1,-8.3,0,0.0,0,24.4,3,overcast,0,0,0,0
2025-01-05,6,Sunday,1,0,0,1,winter,0,,0,0,0,0,0.4,-3.5,-5.6,-8.7,0,0.0,0,20.0,3,overcast,0,0,0,0
2025-01-06,0,Monday,0,1,0,1,winter,0,,0,0,0,0,-1.5,-4.6,-4.5,-10.0,1.6,0.0,1.12,15.1,73,snow,1,1,0,0
2025-01-07,1,Tuesday,0,0,0,1,winter,0,,0,0,0,0,-2.8,-8.8,-8.5,-15.1,0,0.0,0,29.6,3,overcast,0,0,0,1
2025-01-08,2,Wednesday,0,0,0,1,winter,0,,0,0,0,0,-2.3,-6.6,-8.8,-12.8,0,0.0,0,25.6,3,overcast,0,0,0,1
2025-01-09,3,Thursday,0,0,0,1,winter,0,,0,0,0,0,-1.5,-6.7,-8.2,-13.0,0,0.0,0,25.7,3,overcast,0,0,0,1
2025-01-10,4,Friday,0,0,1,1,winter,0,,0,0,0,0,3.4,-3.6,-1.2,-9.1,0,0.0,0,20.2,3,overcast,0,0,0,0
2025-01-11,5,Saturday,1,0,0,1,winter,0,,0,0,0,0,0.4,-2.9,-3.7,-7.2,1.6,0.0,1.12,15.8,73,snow,1,1,0,0
2025-01-12,6,Sunday,1,0,0,1,winter,0,,0,0,0,0,4.8,-3.1,0.6,-6.9,0,0.0,0,14.3,3,overcast,0,0,0,0
2025-01-13,0,Monday,0,1,0,1,winter,0,,0,0,0,0,6.3,-2.0,1.9,-5.7,0,0.0,0,16.6,3,overcast,0,0,0,0
2025-01-14,1,Tuesday,0,0,0,1,winter,0,,0,0,0,0,0.3,-3.7,-4.4,-9.0,0,0.0,0,20.9,3,overcast,0,0,0,0
2025-01-15,2,Wednesday,0,0,0,1,winter,0,,0,0,0,0,-0.9,-5.6,-7.4,-11.3,0,0.0,0,23.0,3,overcast,0,0,0,1
2025-01-16,3,Thursday,0,0,0,1,winter,0,,0,0,0,0,-0.8,-6.1,-5.7,-10.4,0.4,0.0,0.28,10.4,71,light_snow,0,0,0,1
2025-01-17,4,Friday,0,0,1,1,winter,0,,0,0,0,0,4.8,-5.2,1.3,-9.2,0,0.0,0,10.0,3,overcast,0,0,0,1
2025-01-18,5,Saturday,1,0,0,1,winter,0,,0,0,0,0,6.8,-0.6,3.6,-4.6,2.4,2.4,0,15.3,53,drizzle,1,0,0,0
2025-01-19,6,Sunday,1,0,0,1,winter,0,,0,0,0,0,2.8,-2.7,-0.5,-8.0,7.4,0.1,5.11,18.4,75,heavy_snow,1,1,0,0
2025-01-20,0,Monday,0,1,0,1,winter,1,Martin Luther King Jr. Day,0,0,0,1,-2.8,-11.1,-7.9,-15.8,0.1,0.0,0.14,15.2,71,light_snow,0,0,0,1
2025-01-21,1,Tuesday,0,0,0,1,winter,0,,0,0,0,0,-8.4,-15.9,-13.0,-20.6,0.4,0.0,0.28,8.5,71,light_snow,0,0,0,1
2025-01-22,2,Wednesday,0,0,0,1,winter,0,,0,0,0,0,-8.1,-16.8,-12.2,-21.5,0,0.0,0,9.9,3,overcast,0,0,0,1
2025-01-23,3,Thursday,0,0,0,1,winter,0,,0,0,0,0,-3.4,-12.9,-7.6,-17.1,0,0.0,0,7.3,3,overcast,0,0,0,1
2025-01-24,4,Friday,0,0,1,1,winter,0,,0,0,0,0,-1.0,-11.1,-5.5,-15.5,0,0.0,0,10.3,3,overcast,0,0,0,1
2025-01-25,5,Saturday,1,0,0,1,winter,0,,0,0,0,0,-2.0,-12.9,-6.7,-16.7,0,0.0,0,10.9,3,overcast,0,0,0,1
2025-01-26,6,Sunday,1,0,0,1,winter,0,,0,0,0,0,4.1,-5.4,-0.3,-9.6,0,0.0,0,13.4,3,overcast,0,0,0,1
2025-01-27,0,Monday,0,1,0,1,winter,0,,0,0,0,0,2.0,-4.8,-2.8,-9.2,0,0.0,0,17.5,3,overcast,0,0,0,0
2025-01-28,1,Tuesday,0,0,0,1,winter,0,,0,0,0,0,4.6,-3.0,-1.2,-6.6,0,0.0,0,22.6,3,overcast,0,0,0,0
2025-01-29,2,Wednesday,0,0,0,1,winter,0,,0,0,0,0,9.3,0.6,4.0,-4.6,0,0.0,0,22.8,3,overcast,0,0,0,0
2025-01-30,3,Thursday,0,0,0,1,winter,0,,0,0,0,0,1.2,-6.2,-3.0,-10.6,0,0.0,0,13.0,3,overcast,0,0,0,1
2025-01-31,4,Friday,0,0,1,1,winter,0,,0,0,0,0,6.6,1.5,4.6,-2.7,9.2,9.2,0,11.5,61,light_rain,1,0,0,0
2025-02-01,5,Saturday,1,0,0,2,winter,0,,0,0,0,0,6.3,-5.3,4.1,-10.6,3.2,3.2,0,18.9,55,dense_drizzle,1,0,0,1
2025-02-02,6,Sunday,1,0,0,2,winter,0,,0,0,0,0,1.8,-9.3,-2.2,-14.0,3.6,0.0,2.52,11.7,75,heavy_snow,1,1,0,1
2025-02-03,0,Monday,0,1,0,2,winter,0,,0,0,0,0,5.7,-3.0,2.7,-6.3,0.3,0.1,0.14,12.9,71,light_snow,0,0,0,0
2025-02-04,1,Tuesday,0,0,0,2,winter,0,,0,0,0,0,6.4,-0.3,1.8,-5.4,1.1,1.1,0,22.7,53,drizzle,1,0,0,0
2025-02-05,2,Wednesday,0,0,0,2,winter,0,,0,0,0,0,1.7,-3.3,-2.3,-8.0,0,0.0,0,14.7,3,overcast,0,0,0,0
2025-02-06,3,Thursday,0,0,0,2,winter,0,,0,0,0,0,4.7,-2.0,2.1,-5.7,8.7,3.5,3.64,13.6,75,heavy_snow,1,1,0,0
2025-02-07,4,Friday,0,0,1,2,winter,0,,0,0,0,0,5.2,-2.5,-0.2,-6.5,0,0.0,0,25.3,3,overcast,0,0,0,0
2025-02-08,5,Saturday,1,0,0,2,winter,0,,0,0,0,0,1.1,-4.2,-2.8,-8.9,6.0,0.1,4.13,9.6,75,heavy_snow,1,1,0,0
2025-02-09,6,Sunday,1,0,0,2,winter,0,,0,0,0,0,1.4,-2.3,-2.2,-6.0,6.2,3.2,2.1,12.7,75,heavy_snow,1,1,0,0
2025-02-10,0,Monday,0,1,0,2,winter,0,,0,0,0,0,0.5,-5.3,-3.8,-9.4,0,0.0,0,13.3,3,overcast,0,0,0,1
2025-02-11,1,Tuesday,0,0,0,2,winter,0,,0,0,0,0,0.2,-9.2,-2.7,-13.0,1.4,0.0,0.98,5.7,73,snow,1,0,0,1
2025-02-12,2,Wednesday,0,0,0,2,winter,1,Lincoln's Birthday,0,0,0,1,0.6,-1.6,-3.2,-5.4,4.7,0.0,3.29,12.3,73,snow,1,1,0,0
2025-02-13,3,Thursday,0,0,0,2,winter,0,,0,0,0,0,7.4,0.8,3.6,-2.8,6.3,6.1,0.14,17.3,71,light_snow,1,0,0,0
2025-02-14,4,Friday,0,0,1,2,winter,0,,0,0,0,0,1.0,-3.0,-4.4,-7.9,0,0.0,0,19.5,3,overcast,0,0,0,0
2025-02-15,5,Saturday,1,0,0,2,winter,1,Susan B. Anthony Day,0,0,0,1,1.8,-4.2,-2.3,-7.9,7.1,4.0,2.17,12.1,73,snow,1,1,0,0
2025-02-16,6,Sunday,1,0,0,2,winter,0,,0,0,0,0,8.1,1.4,3.8,-2.3,26.3,26.3,0,28.0,63,rain,1,0,0,0
2025-02-17,0,Monday,0,1,0,2,winter,1,Washington's Birthday,0,0,0,1,1.5,-3.3,-4.4,-9.3,0,0.0,0,27.0,3,overcast,0,0,0,0
2025-02-18,1,Tuesday,0,0,0,2,winter,0,,0,0,0,0,-3.1,-8.1,-7.5,-14.5,0,0.0,0,20.6,3,overcast,0,0,0,1
2025-02-19,2,Wednesday,0,0,0,2,winter,0,,0,0,0,0,-1.0,-9.1,-6.3,-14.5,0,0.0,0,16.0,3,overcast,0,0,0,1
2025-02-20,3,Thursday,0,0,0,2,winter,0,,0,0,0,0,-1.1,-8.8,-6.0,-13.3,0.9,0.0,0.63,19.3,71,light_snow,0,0,0,1
2025-02-21,4,Friday,0,0,1,2,winter,0,,0,0,0,0,-0.2,-6.2,-5.7,-12.1,0,0.0,0,21.0,3,overcast,0,0,0,1
2025-02-22,5,Saturday,1,0,0,2,winter,0,,0,0,0,0,3.3,-7.4,-0.7,-12.1,0,0.0,0,14.6,3,overcast,0,0,0,1
2025-02-23,6,Sunday,1,0,0,2,winter,0,,0,0,0,0,7.8,-1.8,4.2,-6.2,0,0.0,0,10.8,3,overcast,0,0,0,0
2025-02-24,0,Monday,0,1,0,2,winter,0,,0,0,0,0,7.7,-1.6,3.8,-4.8,0,0.0,0,19.6,3,overcast,0,0,0,0
2025-02-25,1,Tuesday,0,0,0,2,winter,0,,0,0,0,0,12.1,3.7,10.1,0.2,0,0.0,0,12.1,3,overcast,0,0,0,0
2025-02-26,2,Wednesday,0,0,0,2,winter,0,,0,0,0,0,13.5,2.1,9.4,-1.2,0.4,0.4,0,19.0,51,light_drizzle,0,0,0,0
2025-02-27,3,Thursday,0,0,0,2,winter,0,,0,0,0,0,12.4,4.8,10.6,1.9,1.8,1.8,0,13.3,53,drizzle,1,0,0,0
2025-02-28,4,Friday,0,0,1,2,winter,0,,0,0,0,0,9.6,2.0,5.2,-1.7,0,0.0,0,17.2,3,overcast,0,0,0,0
2025-03-01,5,Saturday,1,0,0,3,spring,0,,0,0,0,0,15.9,-0.9,12.7,-6.7,0,0.0,0,24.5,3,overcast,0,0,0,0
2025-03-02,6,Sunday,1,0,0,3,spring,0,,0,0,0,0,0.4,-7.5,-4.9,-13.4,0,0.0,0,19.0,3,overcast,0,0,0,1
2025-03-03,0,Monday,0,1,0,3,spring,0,,0,0,0,0,3.5,-6.1,-1.1,-10.6,0,0.0,0,12.8,3,overcast,0,0,0,1
2025-03-04,1,Tuesday,0,0,0,3,spring,0,,0,0,0,0,10.9,-2.0,8.4,-5.9,0,0.0,0,12.3,3,overcast,0,0,0,0
2025-03-05,2,Wednesday,0,0,0,3,spring,0,,0,0,0,0,11.4,5.1,8.4,2.3,35.4,35.4,0,26.7,65,heavy_rain,1,0,0,0
2025-03-06,3,Thursday,0,0,0,3,spring,0,,0,0,0,0,12.6,2.6,10.1,-2.9,6.7,6.7,0,26.6,63,rain,1,0,0,0
2025-03-07,4,Friday,0,0,1,3,spring,0,,0,0,0,0,8.1,-0.6,2.3,-5.9,0,0.0,0,30.9,3,overcast,0,0,0,0
2025-03-08,5,Saturday,1,0,0,3,spring,0,,0,0,0,0,6.2,1.2,1.2,-3.3,0,0.0,0,22.8,3,overcast,0,0,0,0
2025-03-09,6,Sunday,1,0,0,3,spring,0,,0,0,0,0,10.2,-2.3,6.5,-6.3,0,0.0,0,25.1,3,overcast,0,0,0,0
2025-03-10,0,Monday,0,1,0,3,spring,0,,0,0,0,0,16.6,3.8,15.3,-0.4,0,0.0,0,12.4,2,partly_cloudy,0,0,0,0
2025-03-11,1,Tuesday,0,0,0,3,spring,0,,0,0,0,0,14.8,2.8,12.7,0.1,0,0.0,0,11.0,2,partly_cloudy,0,0,0,0
2025-03-12,2,Wednesday,0,0,0,3,spring,0,,0,0,0,0,11.2,3.2,8.1,-1.4,0,0.0,0,13.8,3,overcast,0,0,0,0
2025-03-13,3,Thursday,0,0,0,3,spring,0,,0,0,0,0,10.4,2.0,8.1,-1.5,0,0.0,0,10.6,3,overcast,0,0,0,0
2025-03-14,4,Friday,0,0,1,3,spring,0,,0,0,0,0,12.8,0.8,12.4,-2.3,0,0.0,0,9.9,3,overcast,0,0,0,0
2025-03-15,5,Saturday,1,0,0,3,spring,0,,0,0,1,0,9.2,3.5,6.6,1.3,0.4,0.4,0,12.2,51,light_drizzle,0,0,0,0
2025-03-16,6,Sunday,1,0,0,3,spring,0,,0,0,1,0,14.4,7.7,12.4,6.0,12.9,12.9,0,25.6,63,rain,1,0,0,0
2025-03-17,0,Monday,0,1,0,3,spring,0,,0,0,1,0,14.8,4.0,14.5,-0.5,28.3,28.3,0,23.2,63,rain,1,0,0,0
2025-03-18,1,Tuesday,0,0,0,3,spring,0,,0,0,1,0,13.9,0.8,11.4,-4.3,0,0.0,0,17.2,3,overcast,0,0,0,0
2025-03-19,2,Wednesday,0,0,0,3,spring,0,,0,0,1,0,14.2,2.7,12.7,0.3,0,0.0,0,10.7,3,overcast,0,0,0,0
2025-03-20,3,Thursday,0,0,0,3,spring,0,,0,0,1,0,9.9,5.6,8.0,3.2,7.9,7.9,0,15.0,63,rain,1,0,0,0
2025-03-21,4,Friday,0,0,1,3,spring,0,,0,0,1,0,9.4,2.8,7.4,-3.0,5.8,5.8,0,25.5,63,rain,1,0,0,0
2025-03-22,5,Saturday,1,0,0,3,spring,0,,0,0,1,0,15.8,2.3,14.4,-1.0,0.1,0.1,0,20.7,51,light_drizzle,0,0,0,0
2025-03-23,6,Sunday,1,0,0,3,spring,0,,0,0,1,0,8.1,-2.5,5.0,-7.5,0,0.0,0,17.2,3,overcast,0,0,0,0
2025-03-24,0,Monday,0,1,0,3,spring,0,,0,0,1,0,10.6,4.2,9.8,0.2,14.9,14.9,0,16.9,63,rain,1,0,0,0
2025-03-25,1,Tuesday,0,0,0,3,spring,0,,0,0,1,0,14.1,4.9,9.0,1.5,0,0.0,0,24.0,3,overcast,0,0,0,0
2025-03-26,2,Wednesday,0,0,0,3,spring,0,,0,0,1,0,10.2,2.2,6.7,-1.1,0.8,0.8,0,17.7,53,drizzle,0,0,0,0
2025-03-27,3,Thursday,0,0,0,3,spring,0,,0,0,1,0,9.8,-0.6,5.4,-4.2,0,0.0,0,16.5,0,clear,0,0,0,0
2025-03-28,4,Friday,0,0,1,3,spring,0,,0,0,1,0,15.8,4.5,13.1,0.3,1.3,1.1,0.14,12.0,71,light_snow,1,0,0,0
2025-03-29,5,Saturday,1,0,0,3,spring,0,,0,0,1,0,26.5,7.0,25.2,5.0,7.4,7.4,0,19.1,63,rain,1,0,0,0
2025-03-30,6,Sunday,1,0,0,3,spring,0,,0,0,1,0,13.5,5.6,12.3,3.0,0.1,0.1,0,8.3,51,light_drizzle,0,0,0,0
2025-03-31,0,Monday,0,1,0,3,spring,0,,0,0,1,0,21.2,8.3,23.0,6.7,26.7,26.7,0,14.5,65,heavy_rain,1,0,0,0
2025-04-01,1,Tuesday,0,0,0,4,spring,0,,0,0,0,0,15.6,4.8,15.8,-0.1,7.5,7.5,0,20.4,63,rain,1,0,0,0
2025-04-02,2,Wednesday,0,0,0,4,spring,0,,0,0,0,0,8.4,0.2,5.6,-3.8,0,0.0,0,14.9,3,overcast,0,0,0,0
2025-04-03,3,Thursday,0,0,0,4,spring,0,,0,0,0,0,22.6,6.8,23.1,3.6,1.9,1.9,0,21.4,53,drizzle,1,0,0,0
2025-04-04,4,Friday,0,0,1,4,spring,0,,0,0,0,0,21.7,12.9,22.0,11.3,7.6,7.6,0,15.4,63,rain,1,0,0,0
2025-04-05,5,Saturday,1,0,0,4,spring,0,,0,0,0,0,12.7,6.0,10.6,3.8,2.1,2.1,0,15.5,53,drizzle,1,0,0,0
2025-04-06,6,Sunday,1,0,0,4,spring,0,,0,0,0,0,15.8,5.9,13.4,3.8,4.6,4.6,0,13.6,63,rain,1,0,0,0
2025-04-07,0,Monday,0,1,0,4,spring,0,,0,0,0,0,9.3,4.5,6.4,1.5,8.6,8.6,0,11.2,61,light_rain,1,0,0,0
2025-04-08,1,Tuesday,0,0,0,4,spring,0,,0,0,0,0,6.8,2.0,3.6,-3.1,0,0.0,0,25.6,3,overcast,0,0,0,0
2025-04-09,2,Wednesday,0,0,0,4,spring,0,,0,0,0,0,8.4,-1.6,5.6,-6.6,0,0.0,0,13.5,2,partly_cloudy,0,0,0,0
2025-04-10,3,Thursday,0,0,0,4,spring,0,,0,0,0,0,9.3,1.8,6.4,-1.1,0.7,0.7,0,16.0,51,light_drizzle,0,0,0,0
2025-04-11,4,Friday,0,0,1,4,spring,0,,0,0,0,0,7.8,4.7,5.4,1.4,10.9,10.9,0,18.5,61,light_rain,1,0,0,0
2025-04-12,5,Saturday,1,0,0,4,spring,0,,0,0,0,0,6.1,1.5,1.9,-3.4,16.0,14.6,0.98,21.8,73,snow,1,0,0,0
2025-04-13,6,Sunday,1,0,0,4,spring,0,,0,0,0,0,13.9,3.9,10.0,0.1,0.2,0.2,0,19.3,51,light_drizzle,0,0,0,0
2025-04-14,0,Monday,0,1,0,4,spring,0,,0,0,0,0,16.6,5.1,14.5,2.3,0,0.0,0,10.4,3,overcast,0,0,0,0
2025-04-15,1,Tuesday,0,0,0,4,spring,0,,0,0,0,0,19.4,9.1,16.9,5.0,1.0,1.0,0,23.8,55,dense_drizzle,1,0,0,0
2025-04-16,2,Wednesday,0,0,0,4,spring,0,,0,0,0,0,10.1,5.3,4.3,1.0,0,0.0,0,25.0,3,overcast,0,0,0,0
2025-04-17,3,Thursday,0,0,0,4,spring,0,,0,0,0,0,15.6,3.5,12.5,-0.1,0,0.0,0,14.1,2,partly_cloudy,0,0,0,0
2025-04-18,4,Friday,0,0,1,4,spring,0,,0,0,0,0,16.9,4.0,15.2,1.9,0,0.0,0,18.6,3,overcast,0,0,0,0
2025-04-19,5,Saturday,1,0,0,4,spring,0,,0,0,0,0,27.5,14.5,27.6,12.9,0.3,0.3,0,19.4,51,light_drizzle,0,0,0,0
2025-04-20,6,Sunday,1,0,0,4,spring,0,,0,0,0,0,22.5,11.1,22.5,6.8,0,0.0,0,19.2,3,overcast,0,0,0,0
2025-04-21,0,Monday,0,1,0,4,spring,0,,0,0,0,0,13.7,7.1,10.1,4.4,0.3,0.3,0,13.6,51,light_drizzle,0,0,0,0
2025-04-22,1,Tuesday,0,0,0,4,spring,0,,0,0,0,0,27.0,11.1,26.7,9.4,0.1,0.1,0,13.0,51,light_drizzle,0,0,0,0
2025-04-23,2,Wednesday,0,0,0,4,spring,0,,0,0,0,0,24.3,9.6,23.2,7.9,0,0.0,0,12.8,3,overcast,0,0,0,0
2025-04-24,3,Thursday,0,0,0,4,spring,0,,0,0,0,0,24.9,11.2,24.0,9.7,0,0.0,0,14.1,3,overcast,0,0,0,0
2025-04-25,4,Friday,0,0,1,4,spring,0,,0,0,0,0,23.3,13.5,23.1,11.9,0,0.0,0,14.5,3,overcast,0,0,0,0
2025-04-26,5,Saturday,1,0,0,4,spring,0,,0,0,0,0,22.4,14.1,23.2,10.2,14.8,14.8,0,20.4,63,rain,1,0,0,0
2025-04-27,6,Sunday,1,0,0,4,spring,0,,0,0,0,0,13.9,8.2,9.7,4.4,0,0.0,0,29.1,3,overcast,0,0,0,0
2025-04-28,0,Monday,0,1,0,4,spring,0,,0,0,0,0,23.0,8.8,22.4,5.8,0,0.0,0,12.5,3,overcast,0,0,0,0
2025-04-29,1,Tuesday,0,0,0,4,spring,0,,0,0,0,0,24.5,11.2,24.0,8.7,0,0.0,0,16.6,3,overcast,0,0,0,0
2025-04-30,2,Wednesday,0,0,0,4,spring,0,,0,0,0,0,23.5,17.1,21.4,13.8,0,0.0,0,17.8,3,overcast,0,0,0,0
2025-05-01,3,Thursday,0,0,0,5,spring,0,,0,0,0,0,21.1,10.3,19.4,7.4,0.7,0.7,0,13.2,53,drizzle,0,0,0,0
2025-05-02,4,Friday,0,0,1,5,spring,0,,0,0,0,0,29.0,13.7,30.0,12.8,0.3,0.3,0,16.3,51,light_drizzle,0,0,0,0
2025-05-03,5,Saturday,1,0,0,5,spring,0,,0,0,0,0,26.5,17.8,28.3,18.4,10.0,10.0,0,12.2,63,rain,1,0,0,0
2025-05-04,6,Sunday,1,0,0,5,spring,0,,0,0,0,0,20.4,14.9,21.0,14.6,13.3,13.3,0,12.2,61,light_rain,1,0,0,0
2025-05-05,0,Monday,0,1,0,5,spring,0,,0,0,0,0,20.0,14.3,20.8,13.9,11.7,11.7,0,12.8,61,light_rain,1,0,0,0
2025-05-06,1,Tuesday,0,0,0,5,spring,0,,0,0,0,0,18.5,13.9,18.6,13.3,26.7,26.7,0,14.5,65,heavy_rain,1,0,0,0
2025-05-07,2,Wednesday,0,0,0,5,spring,0,,0,0,0,0,22.0,13.4,21.8,13.1,0.5,0.5,0,11.4,51,light_drizzle,0,0,0,0
2025-05-08,3,Thursday,0,0,0,5,spring,0,,0,0,0,0,24.1,13.7,27.7,13.9,0,0.0,0,9.9,3,overcast,0,0,0,0
2025-05-09,4,Friday,0,0,1,5,spring,0,,0,0,0,0,17.6,12.4,18.4,10.8,18.0,18.0,0,11.7,63,rain,1,0,0,0
2025-05-10,5,Saturday,1,0,0,5,spring,0,,0,0,0,0,20.6,10.2,18.3,7.6,0,0.0,0,22.3,3,overcast,0,0,0,0
2025-05-11,6,Sunday,1,0,0,5,spring,0,,0,0,0,0,23.7,11.3,24.4,10.2,0,0.0,0,12.4,3,overcast,0,0,0,0
2025-05-12,0,Monday,0,1,0,5,spring,0,,0,0,0,0,19.7,10.6,19.6,9.1,0,0.0,0,10.6,3,overcast,0,0,0,0
2025-05-13,1,Tuesday,0,0,0,5,spring,0,,0,0,0,0,20.0,14.2,21.1,14.9,3.6,3.6,0,10.7,55,dense_drizzle,1,0,0,0
2025-05-14,2,Wednesday,0,0,0,5,spring,0,,0,0,0,0,19.4,14.9,18.9,14.4,27.0,27.0,0,16.5,65,heavy_rain,1,0,0,0
2025-05-15,3,Thursday,0,0,0,5,spring,0,,0,0,0,0,22.8,15.5,25.6,16.1,3.4,3.4,0,10.3,61,light_rain,1,0,0,0
2025-05-16,4,Friday,0,0,1,5,spring,0,,0,0,0,0,22.2,15.2,23.9,16.4,0.7,0.7,0,14.1,51,light_drizzle,0,0,0,0
2025-05-17,5,Saturday,1,0,0,5,spring,0,,0,0,0,0,26.2,16.6,27.9,18.2,1.0,1.0,0,17.0,53,drizzle,1,0,0,0
2025-05-18,6,Sunday,1,0,0,5,spring,0,,0,0,0,0,23.0,14.9,21.2,13.0,0.4,0.4,0,22.7,51,light_drizzle,0,0,0,0
2025-05-19,0,Monday,0,1,0,5,spring,0,,0,0,0,0,20.1,12.0,18.6,8.7,0,0.0,0,20.6,3,overcast,0,0,0,0
2025-05-20,1,Tuesday,0,0,0,5,spring,0,,0,0,0,0,18.8,8.8,16.6,5.8,0,0.0,0,14.2,3,overcast,0,0,0,0
2025-05-21,2,Wednesday,0,0,0,5,spring,0,,0,0,0,0,14.2,9.6,13.3,7.3,3.3,3.3,0,17.4,53,drizzle,1,0,0,0
2025-05-22,3,Thursday,0,0,0,5,spring,0,,0,0,0,0,12.4,8.9,10.2,6.8,25.1,25.1,0,20.0,63,rain,1,0,0,0
2025-05-23,4,Friday,0,0,1,5,spring,0,,0,0,0,0,16.4,8.8,14.8,7.1,1.8,1.8,0,13.7,51,light_drizzle,1,0,0,0
2025-05-24,5,Saturday,1,0,0,5,spring,0,,0,0,0,0,17.1,8.6,15.1,6.1,1.0,1.0,0,18.2,53,drizzle,1,0,0,0
2025-05-25,6,Sunday,1,0,0,5,spring,0,,0,0,0,0,19.2,10.4,16.0,8.3,0,0.0,0,17.0,3,overcast,0,0,0,0
2025-05-26,0,Monday,0,1,0,5,spring,1,Memorial Day,0,0,0,1,22.1,10.3,20.5,8.8,0,0.0,0,11.4,1,mainly_clear,0,0,0,0
2025-05-27,1,Tuesday,0,0,0,5,spring,0,,0,0,0,0,25.0,12.1,25.4,11.3,0,0.0,0,13.6,3,overcast,0,0,0,0
2025-05-28,2,Wednesday,0,0,0,5,spring,0,,0,0,0,0,19.2,12.5,17.6,11.6,11.5,11.5,0,11.5,63,rain,1,0,0,0
2025-05-29,3,Thursday,0,0,0,5,spring,0,,0,0,0,0,21.9,12.9,22.8,12.2,2.1,2.1,0,12.1,51,light_drizzle,1,0,0,0
2025-05-30,4,Friday,0,0,1,5,spring,0,,0,0,0,0,22.6,15.8,24.4,16.5,5.0,5.0,0,11.0,61,light_rain,1,0,0,0
2025-05-31,5,Saturday,1,0,0,5,spring,0,,0,0,0,0,19.7,12.4,18.3,9.6,34.4,34.4,0,25.0,65,heavy_rain,1,0,0,0
2025-06-01,6,Sunday,1,0,0,6,summer,0,,0,0,0,0,18.8,9.7,16.5,7.0,0,0.0,0,20.5,3,overcast,0,0,0,0
2025-06-02,0,Monday,0,1,0,6,summer,0,,0,0,0,0,21.8,10.0,20.5,8.8,0,0.0,0,11.6,3,overcast,0,0,0,0
2025-06-03,1,Tuesday,0,0,0,6,summer,0,,0,0,0,0,26.2,11.5,27.2,11.1,0,0.0,0,9.8,1,mainly_clear,0,0,0,0
2025-06-04,2,Wednesday,0,0,0,6,summer,0,,0,0,0,0,28.6,14.8,30.1,14.2,0,0.0,0,12.2,3,overcast,0,0,0,0
2025-06-05,3,Thursday,0,0,0,6,summer,0,,0,0,0,0,33.9,20.4,36.3,21.5,0,0.0,0,12.6,3,overcast,0,0,1,0
2025-06-06,4,Friday,0,0,1,6,summer,0,,0,0,0,0,30.9,22.0,33.7,23.9,1.3,1.3,0,12.1,55,dense_drizzle,1,0,0,0
2025-06-07,5,Saturday,1,0,0,6,summer,0,,0,0,0,0,26.5,19.8,29.7,22.1,8.9,8.9,0,11.4,63,rain,1,0,0,0
2025-06-08,6,Sunday,1,0,0,6,summer,0,,0,0,0,0,24.1,16.5,26.2,16.9,1.5,1.5,0,14.3,51,light_drizzle,1,0,0,0
2025-06-09,0,Monday,0,1,0,6,summer,0,,0,0,0,0,21.2,15.0,22.9,15.0,3.2,3.2,0,10.3,53,drizzle,1,0,0,0
2025-06-10,1,Tuesday,0,0,0,6,summer,0,,0,0,0,0,25.5,16.8,27.3,18.5,19.4,19.4,0,10.5,65,heavy_rain,1,0,0,0
2025-06-11,2,Wednesday,0,0,0,6,summer,0,,0,0,0,0,29.3,17.0,29.4,18.2,0,0.0,0,14.2,3,overcast,0,0,0,0
2025-06-12,3,Thursday,0,0,0,6,summer,0,,0,0,0,0,34.7,20.1,35.1,20.2,0.1,0.1,0,17.1,51,light_drizzle,0,0,1,0
2025-06-13,4,Friday,0,0,1,6,summer,0,,0,0,0,0,29.5,20.2,29.9,19.2,0.1,0.1,0,10.9,51,light_drizzle,0,0,0,0
2025-06-14,5,Saturday,1,0,0,6,summer,0,,0,0,0,0,20.6,15.9,19.7,15.5,4.9,4.9,0,14.7,55,dense_drizzle,1,0,0,0
2025-06-15,6,Sunday,1,0,0,6,summer,0,,0,0,0,0,19.5,15.2,20.3,15.4,6.3,6.3,0,9.4,61,light_rain,1,0,0,0
2025-06-16,0,Monday,0,1,0,6,summer,0,,0,0,0,0,20.0,15.6,20.8,15.8,2.2,2.2,0,11.2,53,drizzle,1,0,0,0
2025-06-17,1,Tuesday,0,0,0,6,summer,0,,0,0,0,0,21.1,17.1,22.8,18.4,7.5,7.5,0,9.8,63,rain,1,0,0,0
2025-06-18,2,Wednesday,0,0,0,6,summer,0,,0,0,0,0,27.9,18.2,32.5,20.2,16.8,16.8,0,10.6,63,rain,1,0,0,0
2025-06-19,3,Thursday,0,0,0,6,summer,1,Juneteenth National Independence Day,0,0,0,1,30.9,21.5,36.2,24.7,13.5,13.5,0,15.5,63,rain,1,0,0,0
2025-06-20,4,Friday,0,0,1,6,summer,0,,0,0,0,0,28.3,18.5,28.7,17.4,0.3,0.3,0,17.2,51,light_drizzle,0,0,0,0
2025-06-21,5,Saturday,1,0,0,6,summer,0,,0,0,0,0,32.8,20.1,35.1,21.9,0.2,0.2,0,13.1,51,light_drizzle,0,0,1,0
2025-06-22,6,Sunday,1,0,0,6,summer,0,,0,0,0,0,34.2,24.4,36.6,25.8,0.4,0.4,0,20.9,51,light_drizzle,0,0,1,0
2025-06-23,0,Monday,0,1,0,6,summer,0,,0,0,0,0,39.4,26.2,45.0,31.6,0,0.0,0,8.8,3,overcast,0,0,1,0
2025-06-24,1,Tuesday,0,0,0,6,summer,0,,0,0,0,0,41.3,28.7,42.5,32.3,0,0.0,0,16.7,3,overcast,0,0,1,0
2025-06-25,2,Wednesday,0,0,0,6,summer,0,,0,0,0,0,39.2,28.5,41.5,30.9,0.8,0.8,0,13.2,53,drizzle,0,0,1,0
2025-06-26,3,Thursday,0,0,0,6,summer,0,,0,0,0,0,31.5,20.0,35.1,19.5,0.2,0.2,0,15.5,51,light_drizzle,0,0,0,0
2025-06-27,4,Friday,0,0,1,6,summer,0,,0,0,0,0,22.6,17.8,20.8,18.0,2.9,2.9,0,12.8,61,light_rain,1,0,0,0
2025-06-28,5,Saturday,1,0,0,6,summer,0,,0,0,0,0,29.5,18.2,32.7,19.1,0.7,0.7,0,13.8,51,light_drizzle,0,0,0,0
2025-06-29,6,Sunday,1,0,0,6,summer,0,,0,0,0,0,33.1,23.2,35.2,27.7,0,0.0,0,12.6,3,overcast,0,0,1,0
2025-06-30,0,Monday,0,1,0,6,summer,0,,0,0,0,0,34.3,22.6,37.7,24.5,0,0.0,0,14.8,3,overcast,0,0,1,0
2025-07-01,1,Tuesday,0,0,0,7,summer,0,,1,0,0,1,33.0,24.0,36.8,28.5,11.4,11.4,0,16.8,63,rain,1,0,1,0
2025-07-02,2,Wednesday,0,0,0,7,summer,0,,1,0,0,1,29.2,22.9,32.7,26.8,3.4,3.4,0,7.6,53,drizzle,1,0,0,0
2025-07-03,3,Thursday,0,0,0,7,summer,0,,1,0,0,1,31.9,21.8,32.9,23.7,1.4,1.4,0,14.5,61,light_rain,1,0,0,0
2025-07-04,4,Friday,0,0,1,7,summer,1,Independence Day,1,0,0,1,28.8,18.5,29.5,18.3,0,0.0,0,11.3,0,clear,0,0,0,0
2025-07-05,5,Saturday,1,0,0,7,summer,0,,1,0,0,1,32.3,19.4,33.3,20.2,0,0.0,0,13.7,3,overcast,0,0,1,0
2025-07-06,6,Sunday,1,0,0,7,summer,0,,1,0,0,1,32.7,21.9,34.9,22.8,0,0.0,0,14.7,3,overcast,0,0,1,0
2025-07-07,0,Monday,0,1,0,7,summer,0,,1,0,0,1,30.8,24.1,34.8,28.2,3.4,3.4,0,16.5,61,light_rain,1,0,0,0
2025-07-08,1,Tuesday,0,0,0,7,summer,0,,1,0,0,1,37.0,24.0,41.4,28.1,9.1,9.1,0,11.7,63,rain,1,0,1,0
2025-07-09,2,Wednesday,0,0,0,7,summer,0,,1,0,0,1,31.9,23.1,36.6,27.2,1.0,1.0,0,10.1,55,dense_drizzle,1,0,0,0
2025-07-10,3,Thursday,0,0,0,7,summer,0,,1,0,0,1,27.1,22.4,31.0,26.2,17.5,17.5,0,7.2,63,rain,1,0,0,0
2025-07-11,4,Friday,0,0,1,7,summer,0,,1,0,0,1,28.4,21.4,33.5,25.6,0.4,0.4,0,11.8,51,light_drizzle,0,0,0,0
2025-07-12,5,Saturday,1,0,0,7,summer,0,,1,0,0,1,29.8,22.5,34.0,26.0,0,0.0,0,13.0,3,overcast,0,0,0,0
2025-07-13,6,Sunday,1,0,0,7,summer,0,,1,0,0,1,29.2,22.6,32.4,25.8,0.1,0.1,0,13.4,51,light_drizzle,0,0,0,0
2025-07-14,0,Monday,0,1,0,7,summer,0,,1,0,0,1,30.5,23.1,35.0,27.4,12.2,12.2,0,14.4,63,rain,1,0,0,0
2025-07-15,1,Tuesday,0,0,0,7,summer,0,,1,0,0,1,28.6,22.6,35.3,27.2,2.6,2.6,0,8.0,53,drizzle,1,0,0,0
2025-07-16,2,Wednesday,0,0,0,7,summer,0,,1,0,0,1,30.6,23.2,36.1,28.2,2.4,2.4,0,11.7,53,drizzle,1,0,0,0
2025-07-17,3,Thursday,0,0,0,7,summer,0,,1,0,0,1,33.9,24.0,37.4,28.8,2.4,2.4,0,17.4,61,light_rain,1,0,1,0
2025-07-18,4,Friday,0,0,1,7,summer,0,,1,0,0,1,30.4,22.8,31.2,22.3,0,0.0,0,14.9,3,overcast,0,0,0,0
2025-07-19,5,Saturday,1,0,0,7,summer,0,,1,0,0,1,28.6,21.6,30.3,22.3,0,0.0,0,14.4,3,overcast,0,0,0,0
2025-07-20,6,Sunday,1,0,0,7,summer,0,,1,0,0,1,34.1,22.5,37.5,25.7,7.3,7.3,0,13.7,63,rain,1,0,1,0
2025-07-21,0,Monday,0,1,0,7,summer,0,,1,0,0,1,32.5,21.8,32.0,23.5,0,0.0,0,17.1,2,partly_cloudy,0,0,1,0
2025-07-22,1,Tuesday,0,0,0,7,summer,0,,1,0,0,1,28.2,19.7,29.1,18.4,0,0.0,0,13.8,3,overcast,0,0,0,0
2025-07-23,2,Wednesday,0,0,0,7,summer,0,,1,0,0,1,28.5,19.6,29.9,21.8,0,0.0,0,13.0,3,overcast,0,0,0,0
2025-07-24,3,Thursday,0,0,0,7,summer,0,,1,0,0,1,30.0,20.1,32.2,21.1,0,0.0,0,15.4,3,overcast,0,0,0,0
2025-07-25,4,Friday,0,0,1,7,summer,0,,1,0,0,1,37.7,24.5,42.3,27.0,4.5,4.5,0,16.8,63,rain,1,0,1,0
2025-07-26,5,Saturday,1,0,0,7,summer,0,,1,0,0,1,30.5,23.8,33.6,24.8,0,0.0,0,13.1,3,overcast,0,0,0,0
2025-07-27,6,Sunday,1,0,0,7,summer,0,,1,0,0,1,31.1,22.8,34.5,24.9,7.7,7.7,0,12.8,63,rain,1,0,0,0
2025-07-28,0,Monday,0,1,0,7,summer,0,,1,0,0,1,36.0,23.6,38.5,26.6,0,0.0,0,12.6,1,mainly_clear,0,0,1,0
2025-07-29,1,Tuesday,0,0,0,7,summer,0,,1,0,0,1,39.7,24.8,43.0,29.5,0.9,0.9,0,10.6,53,drizzle,0,0,1,0
2025-07-30,2,Wednesday,0,0,0,7,summer,0,,1,0,0,1,37.2,27.5,39.9,31.6,8.0,8.0,0,13.1,65,heavy_rain,1,0,1,0
2025-07-31,3,Thursday,0,0,0,7,summer,0,,1,0,0,1,32.2,20.0,36.7,20.4,8.0,8.0,0,16.5,63,rain,1,0,1,0
2025-08-01,4,Friday,0,0,1,8,summer,0,,1,0,0,1,23.0,17.9,23.6,17.9,1.3,1.3,0,16.4,51,light_drizzle,1,0,0,0
2025-08-02,5,Saturday,1,0,0,8,summer,0,,1,0,0,1,25.8,17.2,27.0,17.2,0,0.0,0,9.4,3,overcast,0,0,0,0
2025-08-03,6,Sunday,1,0,0,8,summer,0,,1,0,0,1,28.6,16.4,30.2,17.3,0,0.0,0,11.0,2,partly_cloudy,0,0,0,0
2025-08-04,0,Monday,0,1,0,8,summer,0,,1,0,0,1,33.5,17.6,35.4,18.7,0,0.0,0,14.1,3,overcast,0,0,1,0
2025-08-05,1,Tuesday,0,0,0,8,summer,0,,1,0,0,1,31.1,20.6,33.3,23.2,0.2,0.2,0,9.7,51,light_drizzle,0,0,0,0
2025-08-06,2,Wednesday,0,0,0,8,summer,0,,1,0,0,1,28.9,21.1,30.5,23.0,1.0,1.0,0,12.5,51,light_drizzle,1,0,0,0
2025-08-07,3,Thursday,0,0,0,8,summer,0,,1,0,0,1,28.4,19.2,30.9,20.8,0.5,0.5,0,13.2,51,light_drizzle,0,0,0,0
2025-08-08,4,Friday,0,0,1,8,summer,0,,1,0,0,1,28.2,16.8,29.1,17.7,0,0.0,0,12.6,1,mainly_clear,0,0,0,0
2025-08-09,5,Saturday,1,0,0,8,summer,0,,1,0,0,1,30.0,17.4,31.3,18.5,0,0.0,0,10.2,2,partly_cloudy,0,0,0,0
2025-08-10,6,Sunday,1,0,0,8,summer,0,,1,0,0,1,33.5,18.5,35.1,18.8,0,0.0,0,13.5,3,overcast,0,0,1,0
2025-08-11,0,Monday,0,1,0,8,summer,0,,1,0,0,1,32.5,21.3,33.4,22.7,0,0.0,0,12.7,3,overcast,0,0,1,0
2025-08-12,1,Tuesday,0,0,0,8,summer,0,,1,0,0,1,32.8,21.1,36.1,23.5,0,0.0,0,14.3,3,overcast,0,0,1,0
2025-08-13,2,Wednesday,0,0,0,8,summer,0,,1,0,0,1,31.0,23.4,34.8,27.5,3.6,3.6,0,13.2,61,light_rain,1,0,0,0
2025-08-14,3,Thursday,0,0,0,8,summer,0,,1,0,0,1,31.6,22.5,36.1,27.0,0.8,0.8,0,6.9,51,light_drizzle,0,0,0,0
2025-08-15,4,Friday,0,0,1,8,summer,0,,1,0,0,1,33.2,23.1,36.2,24.8,0,0.0,0,12.0,2,partly_cloudy,0,0,1,0
2025-08-16,5,Saturday,1,0,0,8,summer,0,,1,0,0,1,30.3,23.1,33.4,26.7,3.9,3.9,0,11.1,61,light_rain,1,0,0,0
2025-08-17,6,Sunday,1,0,0,8,summer,0,,1,0,0,1,33.9,22.2,36.9,24.9,10.8,10.8,0,11.9,63,rain,1,0,1,0
2025-08-18,0,Monday,0,1,0,8,summer,0,,1,0,0,1,25.4,19.4,28.6,18.5,0,0.0,0,15.9,3,overcast,0,0,0,0
2025-08-19,1,Tuesday,0,0,0,8,summer,0,,1,0,0,1,24.0,17.2,22.6,17.2,0,0.0,0,12.7,3,overcast,0,0,0,0
2025-08-20,2,Wednesday,0,0,0,8,summer,0,,1,0,0,1,22.8,16.6,23.2,16.1,2.0,2.0,0,15.5,51,light_drizzle,1,0,0,0
2025-08-21,3,Thursday,0,0,0,8,summer,0,,1,0,0,1,22.0,16.2,20.7,14.8,0.4,0.4,0,22.5,51,light_drizzle,0,0,0,0
2025-08-22,4,Friday,0,0,1,8,summer,0,,1,0,0,1,27.3,14.8,27.7,13.6,0,0.0,0,12.4,0,clear,0,0,0,0
2025-08-23,5,Saturday,1,0,0,8,summer,0,,1,0,0,1,28.2,17.4,28.2,17.7,0,0.0,0,20.1,3,overcast,0,0,0,0
2025-08-24,6,Sunday,1,0,0,8,summer,0,,1,0,0,1,26.4,18.5,26.9,19.8,0.6,0.6,0,17.2,51,light_drizzle,0,0,0,0
2025-08-25,0,Monday,0,1,0,8,summer,0,,1,0,0,1,32.3,19.5,31.7,22.4,0,0.0,0,19.6,3,overcast,0,0,1,0
2025-08-26,1,Tuesday,0,0,0,8,summer,0,,1,0,0,1,28.1,18.1,26.7,17.3,0.9,0.9,0,16.4,53,drizzle,0,0,0,0
2025-08-27,2,Wednesday,0,0,0,8,summer,0,,1,0,0,1,25.3,16.6,23.4,15.6,0.2,0.2,0,14.8,51,light_drizzle,0,0,0,0
2025-08-28,3,Thursday,0,0,0,8,summer,0,,1,0,0,1,26.7,15.2,24.7,15.6,0,0.0,0,13.7,3,overcast,0,0,0,0
2025-08-29,4,Friday,0,0,1,8,summer,0,,1,0,0,1,27.3,17.8,28.0,17.6,0,0.0,0,14.7,3,overcast,0,0,0,0
2025-08-30,5,Saturday,1,0,0,8,summer,0,,1,0,0,1,25.9,14.3,23.5,12.9,0,0.0,0,12.6,1,mainly_clear,0,0,0,0
2025-08-31,6,Sunday,1,0,0,8,summer,0,,1,0,0,1,27.8,14.9,26.1,13.9,0,0.0,0,13.1,3,overcast,0,0,0,0
2025-09-01,0,Monday,0,1,0,9,fall,1,Labor Day,0,0,0,1,26.4,16.8,24.9,16.4,0,0.0,0,16.2,3,overcast,0,0,0,0
2025-09-02,1,Tuesday,0,0,0,9,fall,0,,0,0,0,0,26.5,16.3,27.1,16.4,0,0.0,0,12.3,2,partly_cloudy,0,0,0,0
2025-09-03,2,Wednesday,0,0,0,9,fall,0,,0,0,0,0,26.0,15.5,26.9,16.7,0,0.0,0,13.4,1,mainly_clear,0,0,0,0
2025-09-04,3,Thursday,0,0,0,9,fall,0,,0,0,0,0,24.8,16.2,25.1,17.5,1.7,1.7,0,20.6,53,drizzle,1,0,0,0
2025-09-05,4,Friday,0,0,1,9,fall,0,,0,0,0,0,26.7,18.2,29.2,20.3,4.6,4.6,0,14.8,61,light_rain,1,0,0,0
2025-09-06,5,Saturday,1,0,0,9,fall,0,,0,0,0,0,28.5,19.1,32.1,20.9,15.7,15.7,0,18.3,63,rain,1,0,0,0
2025-09-07,6,Sunday,1,0,0,9,fall,0,,0,0,0,0,20.6,16.7,21.6,18.0,14.2,14.2,0,9.1,63,rain,1,0,0,0
2025-09-08,0,Monday,0,1,0,9,fall,0,,0,0,0,0,21.6,13.2,21.7,12.2,0,0.0,0,8.1,3,overcast,0,0,0,0
2025-09-09,1,Tuesday,0,0,0,9,fall,0,,0,0,0,0,22.3,13.2,22.9,13.2,0,0.0,0,12.1,3,overcast,0,0,0,0
2025-09-10,2,Wednesday,0,0,0,9,fall,0,,0,0,0,0,21.0,15.4,21.5,14.7,5.3,5.3,0,13.4,61,light_rain,1,0,0,0
2025-09-11,3,Thursday,0,0,0,9,fall,0,,0,0,0,0,26.8,15.4,25.8,15.0,0,0.0,0,13.3,3,overcast,0,0,0,0
2025-09-12,4,Friday,0,0,1,9,fall,0,,0,0,0,0,27.1,16.3,27.4,16.1,0,0.0,0,9.9,3,overcast,0,0,0,0
2025-09-13,5,Saturday,1,0,0,9,fall,0,,0,0,0,0,25.6,16.2,26.8,18.2,0.3,0.3,0,12.0,51,light_drizzle,0,0,0,0
2025-09-14,6,Sunday,1,0,0,9,fall,0,,0,0,0,0,28.8,17.0,29.3,18.8,0.3,0.3,0,7.8,51,light_drizzle,0,0,0,0
2025-09-15,0,Monday,0,1,0,9,fall,0,,0,0,0,0,28.5,17.9,28.2,19.8,0,0.0,0,11.3,3,overcast,0,0,0,0
2025-09-16,1,Tuesday,0,0,0,9,fall,0,,0,0,0,0,24.2,17.8,22.8,17.2,0,0.0,0,16.2,3,overcast,0,0,0,0
2025-09-17,2,Wednesday,0,0,0,9,fall,0,,0,0,0,0,20.9,17.5,21.5,16.9,12.4,12.4,0,14.9,65,heavy_rain,1,0,0,0
2025-09-18,3,Thursday,0,0,0,9,fall,0,,0,0,0,0,27.2,18.0,28.9,19.8,0.3,0.3,0,6.6,51,light_drizzle,0,0,0,0
2025-09-19,4,Friday,0,0,1,9,fall,0,,0,0,0,0,28.3,18.2,29.4,18.8,0,0.0,0,11.3,1,mainly_clear,0,0,0,0
2025-09-20,5,Saturday,1,0,0,9,fall,0,,0,0,0,0,24.0,15.1,23.3,12.7,0,0.0,0,12.5,3,overcast,0,0,0,0
2025-09-21,6,Sunday,1,0,0,9,fall,0,,0,0,0,0,22.4,13.7,22.0,13.4,0,0.0,0,9.6,3,overcast,0,0,0,0
2025-09-22,0,Monday,0,1,0,9,fall,0,,0,0,0,0,22.9,12.2,22.8,12.2,0,0.0,0,11.2,3,overcast,0,0,0,0
2025-09-23,1,Tuesday,0,0,0,9,fall,0,,0,0,0,0,29.4,17.0,30.2,18.3,4.6,4.6,0,14.3,63,rain,1,0,0,0
2025-09-24,2,Wednesday,0,0,0,9,fall,0,,0,0,0,0,26.7,18.6,29.5,21.5,3.8,3.8,0,13.3,61,light_rain,1,0,0,0
2025-09-25,3,Thursday,0,0,0,9,fall,0,,0,0,0,0,24.1,20.0,27.6,21.4,28.6,28.6,0,14.6,65,heavy_rain,1,0,0,0
2025-09-26,4,Friday,0,0,1,9,fall,0,,0,0,0,0,26.6,18.9,28.9,21.2,0,0.0,0,8.3,3,overcast,0,0,0,0
2025-09-27,5,Saturday,1,0,0,9,fall,0,,0,0,0,0,24.4,16.8,26.2,18.0,0.1,0.1,0,6.1,51,light_drizzle,0,0,0,0
2025-09-28,6,Sunday,1,0,0,9,fall,0,,0,0,0,0,27.5,17.7,29.7,20.1,1.5,1.5,0,6.0,53,drizzle,1,0,0,0
2025-09-29,0,Monday,0,1,0,9,fall,0,,0,0,0,0,23.9,17.3,24.9,17.1,0,0.0,0,9.3,3,overcast,0,0,0,0
2025-09-30,1,Tuesday,0,0,0,9,fall,0,,0,0,0,0,25.5,17.1,25.1,17.5,0,0.0,0,10.8,3,overcast,0,0,0,0
2025-10-01,2,Wednesday,0,0,0,10,fall,0,,0,0,0,0,20.2,12.5,18.4,9.6,0,0.0,0,13.5,3,overcast,0,0,0,0
2025-10-02,3,Thursday,0,0,0,10,fall,0,,0,0,0,0,18.8,9.6,17.0,8.1,0,0.0,0,8.0,3,overcast,0,0,0,0
2025-10-03,4,Friday,0,0,1,10,fall,0,,0,0,0,0,21.8,9.0,20.4,8.1,0,0.0,0,11.0,3,overcast,0,0,0,0
2025-10-04,5,Saturday,1,0,0,10,fall,0,,0,0,0,0,27.8,11.7,27.4,11.1,0,0.0,0,8.6,3,overcast,0,0,0,0
2025-10-05,6,Sunday,1,0,0,10,fall,0,,0,0,0,0,29.6,14.5,29.6,15.3,0,0.0,0,9.3,2,partly_cloudy,0,0,0,0
2025-10-06,0,Monday,0,1,0,10,fall,0,,0,0,0,0,26.5,14.9,27.0,14.8,0,0.0,0,12.1,3,overcast,0,0,0,0
2025-10-07,1,Tuesday,0,0,0,10,fall,0,,0,0,0,0,26.9,17.1,26.4,17.9,0.1,0.1,0,17.7,51,light_drizzle,0,0,0,0
2025-10-08,2,Wednesday,0,0,0,10,fall,0,,0,0,0,0,21.9,14.4,22.2,11.6,6.5,6.5,0,17.2,61,light_rain,1,0,0,0
2025-10-09,3,Thursday,0,0,0,10,fall,0,,0,0,0,0,15.0,8.1,11.3,5.9,0,0.0,0,14.5,0,clear,0,0,0,0
2025-10-10,4,Friday,0,0,1,10,fall,0,,0,0,0,0,16.1,5.0,13.4,2.7,0,0.0,0,11.0,3,overcast,0,0,0,0
2025-10-11,5,Saturday,1,0,0,10,fall,0,,0,0,0,0,19.0,10.2,18.4,9.0,1.9,1.9,0,12.5,53,drizzle,1,0,0,0
2025-10-12,6,Sunday,1,0,0,10,fall,0,,0,0,0,0,16.6,13.2,15.4,10.6,14.8,14.8,0,25.1,63,rain,1,0,0,0
2025-10-13,0,Monday,0,1,0,10,fall,1,Columbus Day,0,0,0,1,15.6,12.6,13.5,9.3,40.7,40.7,0,29.5,65,heavy_rain,1,0,0,0
2025-10-14,1,Tuesday,0,0,0,10,fall,0,,0,0,0,0,16.5,12.4,14.9,9.9,0.1,0.1,0,18.6,51,light_drizzle,0,0,0,0
2025-10-15,2,Wednesday,0,0,0,10,fall,0,,0,0,0,0,19.8,11.4,18.9,8.7,0,0.0,0,14.1,3,overcast,0,0,0,0
2025-10-16,3,Thursday,0,0,0,10,fall,0,,0,0,0,0,15.1,7.2,10.6,4.0,0,0.0,0,16.9,2,partly_cloudy,0,0,0,0
2025-10-17,4,Friday,0,0,1,10,fall,0,,0,0,0,0,16.9,7.2,14.0,3.0,0,0.0,0,13.9,3,overcast,0,0,0,0
2025-10-18,5,Saturday,1,0,0,10,fall,0,,0,0,0,0,17.6,6.2,15.7,4.3,0,0.0,0,6.5,3,overcast,0,0,0,0
2025-10-19,6,Sunday,1,0,0,10,fall,0,,0,0,0,0,20.8,10.2,19.8,9.0,0,0.0,0,21.2,3,overcast,0,0,0,0
2025-10-20,0,Monday,0,1,0,10,fall,0,,0,0,0,0,20.6,12.4,19.3,9.7,7.5,7.5,0,24.2,63,rain,1,0,0,0
2025-10-21,1,Tuesday,0,0,0,10,fall,0,,0,0,0,0,19.4,8.1,16.4,5.6,0,0.0,0,13.6,3,overcast,0,0,0,0
2025-10-22,2,Wednesday,0,0,0,10,fall,0,,0,0,0,0,16.6,11.4,13.9,9.0,10.9,10.9,0,19.7,63,rain,1,0,0,0
2025-10-23,3,Thursday,0,0,0,10,fall,0,,0,0,0,0,15.2,8.6,11.8,6.0,0,0.0,0,16.8,2,partly_cloudy,0,0,0,0
2025-10-24,4,Friday,0,0,1,10,fall,0,,0,0,0,0,14.9,5.9,11.9,3.5,0,0.0,0,12.9,3,overcast,0,0,0,0
2025-10-25,5,Saturday,1,0,0,10,fall,0,,0,0,0,0,14.4,5.8,11.8,3.4,0,0.0,0,9.1,3,overcast,0,0,0,0
2025-10-26,6,Sunday,1,0,0,10,fall,0,,0,0,0,0,14.6,6.7,11.9,4.6,0,0.0,0,7.8,3,overcast,0,0,0,0
2025-10-27,0,Monday,0,1,0,10,fall,0,,0,0,0,0,13.3,3.2,9.9,0.4,0,0.0,0,9.5,0,clear,0,0,0,0
2025-10-28,1,Tuesday,0,0,0,10,fall,0,,0,0,0,0,12.5,4.6,9.2,1.3,0,0.0,0,20.7,3,overcast,0,0,0,0
2025-10-29,2,Wednesday,0,0,0,10,fall,0,,0,0,0,0,13.4,7.5,10.4,4.4,0,0.0,0,16.9,3,overcast,0,0,0,0
2025-10-30,3,Thursday,0,0,0,10,fall,0,,0,0,0,0,17.0,11.1,16.8,8.8,31.1,31.1,0,28.1,63,rain,1,0,0,0
2025-10-31,4,Friday,0,0,1,10,fall,0,,0,0,0,0,15.2,10.1,14.9,5.8,0.4,0.4,0,28.6,51,light_drizzle,0,0,0,0
2025-11-01,5,Saturday,1,0,0,11,fall,0,,0,0,0,0,14.8,7.6,9.9,3.7,0,0.0,0,21.9,3,overcast,0,0,0,0
2025-11-02,6,Sunday,1,0,0,11,fall,0,,0,0,0,0,14.3,4.1,11.9,1.6,0,0.0,0,8.6,3,overcast,0,0,0,0
2025-11-03,0,Monday,0,1,0,11,fall,0,,0,0,0,0,14.1,6.6,13.0,4.6,0.3,0.3,0,15.6,51,light_drizzle,0,0,0,0
2025-11-04,1,Tuesday,0,0,0,11,fall,1,Election Day,0,0,0,1,14.9,8.1,10.3,3.9,0,0.0,0,22.9,1,mainly_clear,0,0,0,0
2025-11-05,2,Wednesday,0,0,0,11,fall,0,,0,0,0,0,17.5,4.1,14.9,1.2,0.3,0.3,0,19.3,51,light_drizzle,0,0,0,0
2025-11-06,3,Thursday,0,0,0,11,fall,0,,0,0,0,0,13.5,4.9,10.7,2.2,0.4,0.4,0,22.5,51,light_drizzle,0,0,0,0
2025-11-07,4,Friday,0,0,1,11,fall,0,,0,0,0,0,15.0,1.8,10.5,-0.6,0,0.0,0,20.5,3,overcast,0,0,0,0
2025-11-08,5,Saturday,1,0,0,11,fall,0,,0,0,0,0,18.5,11.6,16.4,10.1,3.7,3.7,0,14.1,53,drizzle,1,0,0,0
2025-11-09,6,Sunday,1,0,0,11,fall,0,,0,0,0,0,16.5,9.9,15.4,8.8,1.0,1.0,0,15.8,51,light_drizzle,1,0,0,0
2025-11-10,0,Monday,0,1,0,11,fall,0,,0,0,0,0,14.1,2.2,14.9,-2.6,5.1,5.1,0,16.9,55,dense_drizzle,1,0,0,0
2025-11-11,1,Tuesday,0,0,0,11,fall,1,Veterans Day,0,0,0,1,4.2,0.5,-1.1,-4.1,0.7,0.0,0.49,28.5,71,light_snow,0,0,0,0
2025-11-12,2,Wednesday,0,0,0,11,fall,0,,0,0,0,0,9.4,2.4,5.0,-2.2,0,0.0,0,14.5,3,overcast,0,0,0,0
2025-11-13,3,Thursday,0,0,0,11,fall,0,,0,0,0,0,10.4,5.4,5.3,2.0,1.1,1.0,0.07,19.5,71,light_snow,1,0,0,0
2025-11-14,4,Friday,0,0,1,11,fall,0,,0,0,0,0,10.1,2.5,6.0,-0.7,0,0.0,0,17.7,3,overcast,0,0,0,0
2025-11-15,5,Saturday,1,0,0,11,fall,0,,0,0,0,0,9.1,1.2,6.3,-1.4,8.9,8.9,0,13.4,63,rain,1,0,0,0
2025-11-16,6,Sunday,1,0,0,11,fall,0,,0,0,0,0,13.1,4.6,9.4,-0.8,4.6,4.6,0,26.0,63,rain,1,0,0,0
2025-11-17,0,Monday,0,1,0,11,fall,0,,0,0,0,0,6.2,1.4,0.4,-3.5,0,0.0,0,25.2,3,overcast,0,0,0,0
2025-11-18,1,Tuesday,0,0,0,11,fall,0,,0,0,0,0,8.1,0.9,4.2,-3.2,0,0.0,0,14.2,3,overcast,0,0,0,0
2025-11-19,2,Wednesday,0,0,0,11,fall,0,,0,0,0,0,8.4,2.4,5.6,-0.5,4.7,4.0,0.49,9.5,73,snow,1,0,0,0
2025-11-20,3,Thursday,0,0,0,11,fall,0,,0,0,0,0,7.9,-0.2,5.4,-3.3,0,0.0,0,5.9,3,overcast,0,0,0,0
2025-11-21,4,Friday,0,0,1,11,fall,0,,0,0,0,0,11.0,2.8,8.7,0.6,0,0.0,0,14.2,3,overcast,0,0,0,0
2025-11-22,5,Saturday,1,0,0,11,fall,0,,0,0,0,0,10.8,4.3,7.9,1.0,4.8,4.8,0,12.3,61,light_rain,1,0,0,0
2025-11-23,6,Sunday,1,0,0,11,fall,0,,0,0,0,0,7.7,-0.9,4.4,-3.5,0,0.0,0,10.9,3,overcast,0,0,0,0
2025-11-24,0,Monday,0,1,0,11,fall,0,,0,0,0,0,11.4,4.3,7.7,0.4,0,0.0,0,13.4,3,overcast,0,0,0,0
2025-11-25,1,Tuesday,0,0,0,11,fall,0,,0,0,0,0,13.1,2.8,10.9,-0.2,9.9,9.9,0,18.9,63,rain,1,0,0,0
2025-11-26,2,Wednesday,0,0,0,11,fall,0,,0,0,0,0,15.6,11.4,14.8,9.4,6.1,6.1,0,17.8,63,rain,1,0,0,0
2025-11-27,3,Thursday,0,0,0,11,fall,1,Thanksgiving Day,0,0,0,1,10.6,2.5,7.2,-2.1,0,0.0,0,18.1,3,overcast,0,0,0,0
2025-11-28,4,Friday,0,0,1,11,fall,0,,0,0,0,0,5.7,-0.1,-0.5,-4.8,0,0.0,0,23.8,2,partly_cloudy,0,0,0,0
2025-11-29,5,Saturday,1,0,0,11,fall,0,,0,0,0,0,5.9,-0.2,1.1,-4.8,0,0.0,0,14.8,3,overcast,0,0,0,0
2025-11-30,6,Sunday,1,0,0,11,fall,0,,0,0,0,0,5.5,-0.5,2.2,-3.3,3.4,3.4,0,12.2,53,drizzle,1,0,0,0
