scenario,hour_group,n_slots,at_min_pct,at_max_pct,interior_pct
weekday_peak,peak,12,0.0,66.66666666666666,33.33333333333334
weekday_peak,overnight,16,25.0,12.5,62.5
weekday_peak,off_peak,20,0.0,55.00000000000001,44.99999999999999
weekend,peak,12,0.0,16.666666666666664,83.33333333333334
weekend,overnight,16,0.0,25.0,75.0
weekend,off_peak,20,0.0,75.0,25.0
rainy_day,peak,12,0.0,66.66666666666666,33.33333333333334
rainy_day,overnight,16,25.0,12.5,62.5
rainy_day,off_peak,20,0.0,55.00000000000001,44.99999999999999
